Reporter Name,Partner Name,Product Group,1989
Australia,Angola,Animal,12.745
Australia,Netherlands Antilles,Animal,202.468
Australia,United Arab Emirates,Animal,43131.871000000014
Australia,Argentina,Animal,22.491
Australia,Antigua and Barbuda,Animal,5.722
Australia,Austria,Animal,825.9689999999999
Australia,Bangladesh,Animal,5374.951
Australia,Bulgaria,Animal,140.66899999999998
Australia,Bahrain,Animal,9268.487
Australia,"Bahamas, The",Animal,692.304
Australia,Belgium-Luxembourg,Animal,6091.896
Australia,Bermuda,Animal,97.976
Australia,Brazil,Animal,115.001
Australia,Barbados,Animal,891.37
Australia,Brunei,Animal,4221.685
Australia,Bhutan,Animal,35.167
Australia,Canada,Animal,65218.49600000001
Australia,Cocos (Keeling) Islands,Animal,19.47
Australia,Switzerland,Animal,10821.931
Australia,Chile,Animal,1163.794
Australia,China,Animal,10159.731
Australia,Cook Islands,Animal,20.921999999999997
Australia,Costa Rica,Animal,10.474
Australia,Cuba,Animal,663.14
Australia,Christmas Island,Animal,62.38800000000001
Australia,Cyprus,Animal,282.892
Australia,Germany,Animal,32175.083
Australia,Djibouti,Animal,13.863
Australia,Dominica,Animal,2.6719999999999997
Australia,Denmark,Animal,1180.885
Australia,"Egypt, Arab Rep.",Animal,3.3
Australia,Spain,Animal,26228.897999999997
Australia,Finland,Animal,2230.777
Australia,Fiji,Animal,5232.562
Australia,France,Animal,22573.564
Australia,United Kingdom,Animal,67201.94200000001
Australia,Guadeloupe,Animal,327.543
Australia,Guinea-Bissau,Animal,29.011
Australia,Greece,Animal,871.36
Australia,French Guiana,Animal,15.415
Australia,"Hong Kong, China",Animal,71757.52699999999
Australia,Indonesia,Animal,18889.95
Australia,India,Animal,583.553
Australia,Ireland,Animal,18.884
Australia,"Iran, Islamic Rep.",Animal,7457.126
Australia,Iraq,Animal,5107.241999999998
Australia,Israel,Animal,107.66799999999999
Australia,Italy,Animal,7062.196000000001
Australia,Jamaica,Animal,800.252
Australia,Jordan,Animal,3758.775
Australia,Japan,Animal,1073670.4309999999
Australia,Kenya,Animal,1172.247
Australia,Kiribati,Animal,471.10900000000004
Australia,"Korea, Rep.",Animal,129074.837
Australia,Kuwait,Animal,42344.218
Australia,Lebanon,Animal,365.388
Australia,St. Lucia,Animal,53.403
Australia,Sri Lanka,Animal,15846.725
Australia,Macao,Animal,227.142
Australia,Morocco,Animal,16.847
Australia,Maldives,Animal,125.888
Australia,Mexico,Animal,9603.556
Australia,Malta,Animal,1013.472
Australia,Myanmar,Animal,5.609
Australia,Mauritius,Animal,7991.09
Australia,Malaysia,Animal,58599.511
Australia,New Caledonia,Animal,2543.743
Australia,Norfolk Island,Animal,126.86399999999999
Australia,Netherlands,Animal,10014.673
Australia,Norway,Animal,375.566
Australia,Nepal,Animal,27.774
Australia,Nauru,Animal,1115.9289999999999
Australia,New Zealand,Animal,18636.115
Australia,Oman,Animal,13906.953
Australia,Pakistan,Animal,298.661
Australia,Panama,Animal,41.028
Australia,Pacific Islands,Animal,1087.162
Australia,Philippines,Animal,74101.43
Australia,Papua New Guinea,Animal,40898.101
Australia,"Korea, Dem. Rep.",Animal,3169.048
Australia,Portugal,Animal,919.4639999999999
Australia,French Polynesia,Animal,1002.755
Australia,Qatar,Animal,5570.454999999999
Australia,Reunion,Animal,800.169
Australia,Saudi Arabia,Animal,109144.12800000001
Australia,Fm Sudan,Animal,37.052
Australia,Singapore,Animal,89273.475
Australia,Solomon Islands,Animal,529.391
Australia,Soviet Union,Animal,10980.305
Australia,Sweden,Animal,14229.203000000001
Australia,Seychelles,Animal,283.902
Australia,Syrian Arab Republic,Animal,226.56599999999997
Australia,Thailand,Animal,29954.569
Australia,Tonga,Animal,318.8470000000001
Australia,Trinidad and Tobago,Animal,4540.185
Australia,Turkey,Animal,20.245
Australia,Tuvalu,Animal,37.898
Australia,Tanzania,Animal,1290.042
Australia,Uganda,Animal,30.386999999999997
Australia,Unspecified,Animal,6492.7519999999995
Australia,Uruguay,Animal,97.51700000000001
Australia,United States,Animal,824616.628
Australia,Us Msc.Pac.I,Animal,5018.88
Australia,Vietnam,Animal,275.338
Australia,Vanuatu,Animal,448.13699999999994
Australia, World,Animal,3225229.1810000003
Australia,Wallis and Futura Isl.,Animal,32.325
Australia,Samoa,Animal,782.2640000000001
Australia,Yemen,Animal,4587.282999999999
Australia,"Yugoslavia,FR(Serbia/Montenegr",Animal,82.544
Australia,South Africa,Animal,3812.429
Bangladesh,United Arab Emirates,Animal,356.94199999999995
Bangladesh,Australia,Animal,106.36
Bangladesh,Bahrain,Animal,4.791
Bangladesh,Belgium-Luxembourg,Animal,19923.139
Bangladesh,Canada,Animal,2665.986
Bangladesh,Switzerland,Animal,279.847
Bangladesh,Cyprus,Animal,123.54299999999999
Bangladesh,German Democratic Republic,Animal,250.882
Bangladesh,Germany,Animal,14883.858
Bangladesh,Denmark,Animal,192.435
Bangladesh,Spain,Animal,89.635
Bangladesh,France,Animal,269.324
Bangladesh,United Kingdom,Animal,21836.951
Bangladesh,"Hong Kong, China",Animal,8131.517
Bangladesh,Ireland,Animal,1.088
Bangladesh,Italy,Animal,5574.525
Bangladesh,Japan,Animal,47178.02099999999
Bangladesh,"Korea, Rep.",Animal,108.725
Bangladesh,Kuwait,Animal,562.934
Bangladesh,Sri Lanka,Animal,66.109
Bangladesh,Malaysia,Animal,2308.106
Bangladesh,Netherlands,Animal,1855.51
Bangladesh,Oman,Animal,171.72
Bangladesh,Portugal,Animal,89.54799999999999
Bangladesh,Qatar,Animal,105.90100000000001
Bangladesh,Saudi Arabia,Animal,4.355
Bangladesh,Singapore,Animal,1990.657
Bangladesh,Sweden,Animal,138.012
Bangladesh,Thailand,Animal,980.927
Bangladesh,Unspecified,Animal,0.621
Bangladesh,United States,Animal,54234.699
Bangladesh, World,Animal,184581.6
Brazil,Angola,Animal,9167.122
Brazil,Netherlands Antilles,Animal,1222.348
Brazil,United Arab Emirates,Animal,8542.255
Brazil,Argentina,Animal,1022.9060000000003
Brazil,Australia,Animal,246.948
Brazil,Austria,Animal,120.905
Brazil,Bahrain,Animal,10064.947
Brazil,Belgium-Luxembourg,Animal,1513.3370000000002
Brazil,Bolivia,Animal,229.508
Brazil,Canada,Animal,2933.119
Brazil,Switzerland,Animal,31499.022999999997
Brazil,Chile,Animal,6097.18
Brazil,China,Animal,1640.372
Brazil,Cote d'Ivoire,Animal,396.138
Brazil,"Congo, Rep.",Animal,17.637
Brazil,Colombia,Animal,31.048
Brazil,Comoros,Animal,4.62
Brazil,Costa Rica,Animal,2.481
Brazil,Cuba,Animal,23676.074
Brazil,Cayman Islands,Animal,1555.312
Brazil,Cyprus,Animal,56.852
Brazil,German Democratic Republic,Animal,13.804
Brazil,Germany,Animal,60339.615999999995
Brazil,Denmark,Animal,90.097
Brazil,Dominican Republic,Animal,89.734
Brazil,Ecuador,Animal,133.877
Brazil,"Egypt, Arab Rep.",Animal,5356.43
Brazil,Spain,Animal,30687.839
Brazil,Finland,Animal,823.6619999999998
Brazil,France,Animal,14226.788999999999
Brazil,Gabon,Animal,814.09
Brazil,United Kingdom,Animal,11308.753
Brazil,Gibraltar,Animal,133.563
Brazil,Guadeloupe,Animal,145.406
Brazil,"Gambia, The",Animal,21.296
Brazil,Equatorial Guinea,Animal,47.458
Brazil,Greece,Animal,875.372
Brazil,French Guiana,Animal,11.5
Brazil,"Hong Kong, China",Animal,35743.485
Brazil,India,Animal,2.843
Brazil,Iraq,Animal,14016.197
Brazil,Israel,Animal,13854.76
Brazil,Italy,Animal,41870.448
Brazil,Jordan,Animal,4.275
Brazil,Japan,Animal,91109.76
Brazil,Kuwait,Animal,7294.656999999999
Brazil,Lebanon,Animal,788.1039999999999
Brazil,Libya,Animal,0.662
Brazil,Mexico,Animal,193.957
Brazil,Malta,Animal,675.355
Brazil,Martinique,Animal,867.178
Brazil,Malaysia,Animal,110.682
Brazil,Netherlands,Animal,30751.786
Brazil,Norway,Animal,32.27
Brazil,New Zealand,Animal,15.356
Brazil,Oman,Animal,828.454
Brazil,Panama,Animal,51.69000000000001
Brazil,Peru,Animal,307.184
Brazil,Philippines,Animal,358.379
Brazil,Poland,Animal,6.641
Brazil,Portugal,Animal,1653.237
Brazil,Paraguay,Animal,657.5930000000002
Brazil,Qatar,Animal,317.857
Brazil,Saudi Arabia,Animal,75617.424
Brazil,Singapore,Animal,4831.752
Brazil,Soviet Union,Animal,126.083
Brazil,Sweden,Animal,268.872
Brazil,Thailand,Animal,1810.431
Brazil,Unspecified,Animal,4.062
Brazil,Uruguay,Animal,2107.797
Brazil,United States,Animal,80743.622
Brazil,Venezuela,Animal,30.182
Brazil, World,Animal,632607.59
Brazil,Yemen Democratic,Animal,10.321
Brazil,South Africa,Animal,51.95800000000001
Brazil,"Congo, Dem. Rep.",Animal,281.157
Canada,Anguila,Animal,56.743
Canada,Netherlands Antilles,Animal,590.8399999999998
Canada,United Arab Emirates,Animal,12.968
Canada,Argentina,Animal,308.58299999999997
Canada,Fr. So. Ant. Tr,Animal,678.171
Canada,Antigua and Barbuda,Animal,339.24499999999995
Canada,Australia,Animal,21023.798
Canada,Austria,Animal,1158.403
Canada,Bangladesh,Animal,529.5830000000002
Canada,Bulgaria,Animal,13.514000000000001
Canada,Bahrain,Animal,13.936
Canada,"Bahamas, The",Animal,491.929
Canada,Belgium-Luxembourg,Animal,17294.877
Canada,Belize,Animal,66.298
Canada,Bermuda,Animal,1171.857
Canada,Bolivia,Animal,28.897
Canada,Brazil,Animal,9835.68
Canada,Barbados,Animal,3567.4959999999996
Canada,Switzerland,Animal,25610.119
Canada,Chile,Animal,861.303
Canada,China,Animal,733.8180000000001
Canada,Cote d'Ivoire,Animal,169.832
Canada,"Congo, Rep.",Animal,31.561
Canada,Colombia,Animal,452.16799999999984
Canada,Costa Rica,Animal,90.126
Canada,Czechoslovakia,Animal,282.134
Canada,Cuba,Animal,7660.374999999999
Canada,Cayman Islands,Animal,60.73
Canada,Cyprus,Animal,5.2139999999999995
Canada,Germany,Animal,39734.388
Canada,Dominica,Animal,60.795
Canada,Denmark,Animal,42306.468
Canada,Dominican Republic,Animal,9800.438999999997
Canada,Algeria,Animal,10725.386
Canada,Ecuador,Animal,32.511
Canada,"Egypt, Arab Rep.",Animal,3.978
Canada,Spain,Animal,14601.346000000001
Canada,Ethiopia(includes Eritrea),Animal,14.569
Canada,Finland,Animal,2969.542
Canada,France,Animal,78486.397
Canada,Gabon,Animal,64.44800000000001
Canada,United Kingdom,Animal,57361.887
Canada,Ghana,Animal,40.302
Canada,Guadeloupe,Animal,29.906
Canada,Greece,Animal,2455.452
Canada,Grenada,Animal,332.343
Canada,Guatemala,Animal,3350.752
Canada,French Guiana,Animal,69.699
Canada,Guyana,Animal,147.507
Canada,"Hong Kong, China",Animal,14345.473999999998
Canada,Honduras,Animal,241.621
Canada,Haiti,Animal,6244.547
Canada,Hungary,Animal,925.427
Canada,Indonesia,Animal,296.427
Canada,India,Animal,257.995
Canada,Ireland,Animal,137.835
Canada,"Iran, Islamic Rep.",Animal,3497.4159999999997
Canada,Iceland,Animal,926.305
Canada,Israel,Animal,158.46300000000005
Canada,Italy,Animal,27052.821
Canada,Jamaica,Animal,11374.996000000001
Canada,Japan,Animal,601538.9639999999
Canada,Kenya,Animal,32.016999999999996
Canada,St. Kitts and Nevis,Animal,301.382
Canada,"Korea, Rep.",Animal,16726.759
Canada,Kuwait,Animal,29.987
Canada,Liberia,Animal,20.397000000000002
Canada,Libya,Animal,5148.14
Canada,St. Lucia,Animal,249.21599999999998
Canada,Sri Lanka,Animal,71.7
Canada,Macao,Animal,157.283
Canada,Morocco,Animal,3628.356
Canada,Mexico,Animal,65422.638
Canada,Mali,Animal,21.479
Canada,Malta,Animal,404.006
Canada,Myanmar,Animal,5.489
Canada,Mozambique,Animal,432.092
Canada,Montserrat,Animal,31.125
Canada,Martinique,Animal,10.517000000000001
Canada,Mauritius,Animal,52.728
Canada,Malawi,Animal,28.7
Canada,Malaysia,Animal,445.36
Canada,New Caledonia,Animal,85.932
Canada,Nigeria,Animal,73.702
Canada,Nicaragua,Animal,343.141
Canada,Netherlands,Animal,15692.615
Canada,Norway,Animal,7340.312000000001
Canada,Nepal,Animal,30.044
Canada,Nauru,Animal,7.909
Canada,New Zealand,Animal,4270.777
Canada,Pakistan,Animal,210.235
Canada,Panama,Animal,771.743
Canada,Peru,Animal,6579.465
Canada,Philippines,Animal,8133.5059999999985
Canada,Poland,Animal,2453.919
Canada,Portugal,Animal,37544.055
Canada,Qatar,Animal,7.407
Canada,Romania,Animal,184.01
Canada,Saudi Arabia,Animal,82.072
Canada,Fm Sudan,Animal,81.17299999999999
Canada,Senegal,Animal,2.411
Canada,Singapore,Animal,802.178
Canada,Sierra Leone,Animal,35.481
Canada,El Salvador,Animal,1301.178
Canada,Saint Pierre and Miquelon,Animal,1406.6269999999995
Canada,Suriname,Animal,45.839
Canada,Soviet Union,Animal,17333.432
Canada,Sweden,Animal,16796.536
Canada,Seychelles,Animal,27.729
Canada,Turks and Caicos Isl.,Animal,179.27599999999998
Canada,Togo,Animal,5.9670000000000005
Canada,Thailand,Animal,1522.5379999999998
Canada,Tokelau,Animal,4.611000000000001
Canada,Tonga,Animal,1.715
Canada,Trinidad and Tobago,Animal,6887.428000000001
Canada,Turkey,Animal,60.919
Canada,Unspecified,Animal,14.450999999999999
Canada,Uruguay,Animal,86.631
Canada,United States,Animal,2037914.096
Canada,Us Msc.Pac.I,Animal,9.228
Canada,St. Vincent and the Grenadines,Animal,114.849
Canada,Venezuela,Animal,888.137
Canada,British Virgin Islands,Animal,58.675
Canada, World,Animal,3299248.776
Canada,Yemen Democratic,Animal,29.274
Canada,"Yugoslavia,FR(Serbia/Montenegr",Animal,372.27200000000005
Canada,South Africa,Animal,2149.573
Canada,"Congo, Dem. Rep.",Animal,3543.5159999999996
Canada,Zambia,Animal,31.561
Canada,Zimbabwe,Animal,41.94
Switzerland,Angola,Animal,152.757
Switzerland,Netherlands Antilles,Animal,1.077
Switzerland,United Arab Emirates,Animal,119.06
Switzerland,Argentina,Animal,3.326
Switzerland,Australia,Animal,934.573
Switzerland,Austria,Animal,7365.298999999999
Switzerland,Burundi,Animal,3.6
Switzerland,Bangladesh,Animal,0.7340000000000001
Switzerland,Bulgaria,Animal,369.44699999999995
Switzerland,Bahrain,Animal,18.046
Switzerland,Belgium-Luxembourg,Animal,27849.903
Switzerland,Bermuda,Animal,35.667
Switzerland,Bolivia,Animal,1.055
Switzerland,Brazil,Animal,335.454
Switzerland,Canada,Animal,9418.799
Switzerland,Chile,Animal,1.078
Switzerland,Cote d'Ivoire,Animal,4.25
Switzerland,"Congo, Rep.",Animal,31.808000000000003
Switzerland,Colombia,Animal,9.112
Switzerland,Czechoslovakia,Animal,879.7389999999999
Switzerland,German Democratic Republic,Animal,1218.817
Switzerland,Germany,Animal,75606.629
Switzerland,Djibouti,Animal,101.60600000000001
Switzerland,Denmark,Animal,955.952
Switzerland,Algeria,Animal,0.777
Switzerland,Spain,Animal,11350.211000000001
Switzerland,Ethiopia(includes Eritrea),Animal,14.001
Switzerland,Finland,Animal,541.59
Switzerland,France,Animal,63105.99600000002
Switzerland,United Kingdom,Animal,11515.495
Switzerland,Ghana,Animal,72.308
Switzerland,Guinea,Animal,18.590999999999998
Switzerland,Guadeloupe,Animal,1.4809999999999999
Switzerland,Greece,Animal,516.004
Switzerland,Guatemala,Animal,14.783
Switzerland,French Guiana,Animal,21.478
Switzerland,"Hong Kong, China",Animal,2750.387
Switzerland,Haiti,Animal,9.515
Switzerland,Hungary,Animal,66.935
Switzerland,Indonesia,Animal,40.344
Switzerland,India,Animal,128.971
Switzerland,Ireland,Animal,144.17
Switzerland,"Iran, Islamic Rep.",Animal,15.82
Switzerland,Iraq,Animal,1.1
Switzerland,Iceland,Animal,0.897
Switzerland,Israel,Animal,261.933
Switzerland,Italy,Animal,188795.444
Switzerland,Jamaica,Animal,1.818
Switzerland,Jordan,Animal,8.524
Switzerland,Japan,Animal,3660.548
Switzerland,Kenya,Animal,2.274
Switzerland,"Korea, Rep.",Animal,660.949
Switzerland,Kuwait,Animal,73.34100000000001
Switzerland,Lebanon,Animal,215.459
Switzerland,Morocco,Animal,728.283
Switzerland,Madagascar,Animal,35.461
Switzerland,Mexico,Animal,235.22
Switzerland,Mali,Animal,3.6689999999999996
Switzerland,Malta,Animal,5.064
Switzerland,Malaysia,Animal,78.774
Switzerland,New Caledonia,Animal,123.023
Switzerland,Nigeria,Animal,72.732
Switzerland,Netherlands,Animal,4303.587
Switzerland,Norway,Animal,138.18
Switzerland,Nepal,Animal,20.183
Switzerland,New Zealand,Animal,1.248
Switzerland,Oman,Animal,8.309000000000001
Switzerland,Pakistan,Animal,0.733
Switzerland,Panama,Animal,31.156999999999996
Switzerland,Philippines,Animal,174.19299999999998
Switzerland,Poland,Animal,133.19899999999998
Switzerland,Portugal,Animal,575.508
Switzerland,Qatar,Animal,8.53
Switzerland,Romania,Animal,44.907
Switzerland,Saudi Arabia,Animal,275.565
Switzerland,Fm Sudan,Animal,84.932
Switzerland,Senegal,Animal,129.55700000000002
Switzerland,Singapore,Animal,1529.95
Switzerland,El Salvador,Animal,11.807
Switzerland,Somalia,Animal,1.565
Switzerland,Soviet Union,Animal,81.53699999999999
Switzerland,Sweden,Animal,898.8149999999998
Switzerland,Thailand,Animal,274.689
Switzerland,Tunisia,Animal,1.5590000000000002
Switzerland,Turkey,Animal,5.018
Switzerland,Tanzania,Animal,2.964
Switzerland,Uganda,Animal,2.227
Switzerland,Unspecified,Animal,21.377
Switzerland,United States,Animal,20032.516
Switzerland,Venezuela,Animal,22.223000000000003
Switzerland, World,Animal,440123.755
Switzerland,"Yugoslavia,FR(Serbia/Montenegr",Animal,258.117
Switzerland,South Africa,Animal,150.872
Switzerland,"Congo, Dem. Rep.",Animal,62.728
Switzerland,Zambia,Animal,39.751999999999995
Cyprus,United Arab Emirates,Animal,1128.578
Cyprus,Australia,Animal,139.673
Cyprus,Austria,Animal,2.029
Cyprus,Bahrain,Animal,263.368
Cyprus,Belgium-Luxembourg,Animal,3.228
Cyprus,Canada,Animal,180.65400000000002
Cyprus,Switzerland,Animal,8.211
Cyprus,Germany,Animal,42.126999999999995
Cyprus,"Egypt, Arab Rep.",Animal,309.098
Cyprus,France,Animal,35.042
Cyprus,United Kingdom,Animal,1278.443
Cyprus,Greece,Animal,2725.614
Cyprus,Iraq,Animal,246.771
Cyprus,Israel,Animal,9.497
Cyprus,Italy,Animal,27.9
Cyprus,Jordan,Animal,104.258
Cyprus,Japan,Animal,6.482
Cyprus,Kuwait,Animal,1369.621
Cyprus,Lebanon,Animal,1042.654
Cyprus,Libya,Animal,1.129
Cyprus,Netherlands,Animal,62.964
Cyprus,Norway,Animal,15.972999999999999
Cyprus,Oman,Animal,278.91900000000004
Cyprus,Qatar,Animal,92.96799999999999
Cyprus,Saudi Arabia,Animal,1461.6
Cyprus,Sierra Leone,Animal,5.547999999999999
Cyprus,Sweden,Animal,3.589
Cyprus,Syrian Arab Republic,Animal,103.913
Cyprus,Unspecified,Animal,619.3380000000001
Cyprus,United States,Animal,683.6489999999999
Cyprus, World,Animal,12377.756
Cyprus,Yemen Democratic,Animal,40.475
Cyprus,Yemen,Animal,77.26
Cyprus,"Yugoslavia,FR(Serbia/Montenegr",Animal,3.7319999999999998
Cyprus,"Congo, Dem. Rep.",Animal,3.451
Germany,Aruba,Animal,5.0
Germany,Afghanistan,Animal,1.0
Germany,Angola,Animal,3468.0
Germany,Albania,Animal,1081.0
Germany,Andorra,Animal,364.0
Germany,Netherlands Antilles,Animal,332.0
Germany,United Arab Emirates,Animal,9268.0
Germany,Argentina,Animal,428.0
Germany,Antigua and Barbuda,Animal,329.0
Germany,Australia,Animal,5367.0
Germany,Austria,Animal,79150.0
Germany,Burundi,Animal,124.0
Germany,Benin,Animal,319.0
Germany,Burkina Faso,Animal,171.0
Germany,Bangladesh,Animal,40.0
Germany,Bulgaria,Animal,27330.0
Germany,Bahrain,Animal,3041.0
Germany,"Bahamas, The",Animal,305.0
Germany,Belgium-Luxembourg,Animal,409114.008
Germany,Belize,Animal,11.0
Germany,Bermuda,Animal,65.0
Germany,Bolivia,Animal,2350.0
Germany,Brazil,Animal,20515.0
Germany,Barbados,Animal,126.0
Germany,Brunei,Animal,14.0
Germany,Bhutan,Animal,31.0
Germany,Central African Republic,Animal,684.0
Germany,Canada,Animal,6519.0
Germany,Switzerland,Animal,66281.0
Germany,Chile,Animal,2780.0
Germany,China,Animal,14725.0
Germany,Cote d'Ivoire,Animal,10755.0
Germany,Cameroon,Animal,1.0
Germany,"Congo, Rep.",Animal,800.0
Germany,Colombia,Animal,4729.0
Germany,Comoros,Animal,1073.0
Germany,Cape Verde,Animal,817.0
Germany,Costa Rica,Animal,2.0
Germany,Czechoslovakia,Animal,6352.0
Germany,Cuba,Animal,4.0
Germany,Cayman Islands,Animal,34.0
Germany,Cyprus,Animal,2535.0
Germany,Djibouti,Animal,169.0
Germany,Denmark,Animal,145460.0
Germany,Dominican Republic,Animal,444.0
Germany,Algeria,Animal,28010.0
Germany,Ecuador,Animal,1233.0
Germany,"Egypt, Arab Rep.",Animal,66184.0
Germany,Spain,Animal,149114.0
Germany,Ethiopia(includes Eritrea),Animal,2383.0
Germany,Finland,Animal,7683.0
Germany,France,Animal,786209.0160000002
Germany,Faeroe Islands,Animal,49.0
Germany,Gabon,Animal,822.0
Germany,United Kingdom,Animal,301784.00800000003
Germany,Ghana,Animal,2950.0
Germany,Gibraltar,Animal,162.0
Germany,Guinea,Animal,1616.0
Germany,"Gambia, The",Animal,1065.0
Germany,Guinea-Bissau,Animal,14.0
Germany,Equatorial Guinea,Animal,97.0
Germany,Greece,Animal,370954.0
Germany,Grenada,Animal,17.0
Germany,Guatemala,Animal,11.0
Germany,Guyana,Animal,837.0
Germany,"Hong Kong, China",Animal,7155.0
Germany,Honduras,Animal,108.0
Germany,Haiti,Animal,2233.0
Germany,Hungary,Animal,9798.0
Germany,Indonesia,Animal,2465.0
Germany,India,Animal,13078.0
Germany,Ireland,Animal,6484.0
Germany,"Iran, Islamic Rep.",Animal,26118.0
Germany,Iraq,Animal,33037.0
Germany,Iceland,Animal,105.0
Germany,Israel,Animal,4976.0
Germany,Italy,Animal,2299049.952
Germany,Jamaica,Animal,1826.0
Germany,Jordan,Animal,4816.0
Germany,Japan,Animal,44092.0
Germany,Kenya,Animal,187.0
Germany,St. Kitts and Nevis,Animal,3.0
Germany,"Korea, Rep.",Animal,8258.0
Germany,Kuwait,Animal,18179.0
Germany,Lebanon,Animal,4140.0
Germany,Liberia,Animal,1221.0
Germany,Libya,Animal,33684.0
Germany,St. Lucia,Animal,115.0
Germany,Sri Lanka,Animal,1549.0
Germany,Morocco,Animal,1073.0
Germany,Madagascar,Animal,133.0
Germany,Mexico,Animal,37654.0
Germany,Mali,Animal,607.0
Germany,Malta,Animal,5990.0
Germany,Mongolia,Animal,91.0
Germany,Mozambique,Animal,1715.0
Germany,Mauritania,Animal,7000.0
Germany,Martinique,Animal,43.0
Germany,Mauritius,Animal,538.0
Germany,Malaysia,Animal,1843.0
Germany,New Caledonia,Animal,52.0
Germany,Niger,Animal,1264.0
Germany,Nigeria,Animal,8359.0
Germany,Nicaragua,Animal,474.0
Germany,Netherlands,Animal,874538.9920000001
Germany,Norway,Animal,5027.0
Germany,Nepal,Animal,26.0
Germany,New Zealand,Animal,323.0
Germany,Oman,Animal,3544.0
Germany,Pakistan,Animal,1389.0
Germany,Panama,Animal,628.0
Germany,Peru,Animal,4240.0
Germany,Philippines,Animal,8278.0
Germany,Poland,Animal,122812.0
Germany,"Korea, Dem. Rep.",Animal,39.0
Germany,Portugal,Animal,23588.0
Germany,Paraguay,Animal,8.0
Germany,French Polynesia,Animal,24.0
Germany,Qatar,Animal,2263.0
Germany,Reunion,Animal,176.0
Germany,Romania,Animal,27969.0
Germany,Rwanda,Animal,99.0
Germany,Saudi Arabia,Animal,75116.0
Germany,Fm Sudan,Animal,3832.0
Germany,Senegal,Animal,718.0
Germany,Singapore,Animal,4319.0
Germany,Sierra Leone,Animal,174.0
Germany,Somalia,Animal,1314.0
Germany,Soviet Union,Animal,154640.0
Germany,Sweden,Animal,15833.0
Germany,Syrian Arab Republic,Animal,501.0
Germany,Chad,Animal,981.0
Germany,Togo,Animal,954.0
Germany,Thailand,Animal,1782.0
Germany,Trinidad and Tobago,Animal,554.0
Germany,Tunisia,Animal,5997.0
Germany,Turkey,Animal,16224.0
Germany,Tanzania,Animal,1263.0
Germany,Uganda,Animal,2879.0
Germany,Unspecified,Animal,2.0
Germany,Uruguay,Animal,188.0
Germany,United States,Animal,29805.0
Germany,St. Vincent and the Grenadines,Animal,6.0
Germany,Venezuela,Animal,175.0
Germany,British Virgin Islands,Animal,27.0
Germany,Vietnam,Animal,639.0
Germany, World,Animal,6591662.847999999
Germany,Yemen Democratic,Animal,1011.0
Germany,Yemen,Animal,782.0
Germany,"Yugoslavia,FR(Serbia/Montenegr",Animal,37586.0
Germany,South Africa,Animal,10168.0
Germany,"Congo, Dem. Rep.",Animal,2642.0
Germany,Zambia,Animal,35.0
Germany,Zimbabwe,Animal,1469.0
Denmark,Aruba,Animal,164.107
Denmark,Afghanistan,Animal,4.184
Denmark,Angola,Animal,2661.6740000000004
Denmark,Anguila,Animal,3.217
Denmark,Andorra,Animal,326.41900000000004
Denmark,Netherlands Antilles,Animal,450.21199999999993
Denmark,United Arab Emirates,Animal,32450.937
Denmark,Antigua and Barbuda,Animal,15.307
Denmark,Australia,Animal,12471.64
Denmark,Austria,Animal,13851.089
Denmark,Burkina Faso,Animal,5.178999999999999
Denmark,Bangladesh,Animal,19119.808
Denmark,Bulgaria,Animal,1914.981
Denmark,Bahrain,Animal,6339.706
Denmark,"Bahamas, The",Animal,586.565
Denmark,Belgium-Luxembourg,Animal,58707.059
Denmark,Belize,Animal,1211.493
Denmark,Bermuda,Animal,521.005
Denmark,Bolivia,Animal,30.703000000000003
Denmark,Brazil,Animal,28653.414
Denmark,Barbados,Animal,55.659000000000006
Denmark,Brunei,Animal,900.571
Denmark,Canada,Animal,20977.447000000004
Denmark,Switzerland,Animal,40127.947
Denmark,Chile,Animal,90.109
Denmark,China,Animal,151.025
Denmark,Cote d'Ivoire,Animal,637.948
Denmark,Cameroon,Animal,91.234
Denmark,Comoros,Animal,10.047
Denmark,Costa Rica,Animal,4.467
Denmark,Czechoslovakia,Animal,4638.521000000002
Denmark,Cyprus,Animal,1851.33
Denmark,German Democratic Republic,Animal,2394.812
Denmark,Germany,Animal,738583.6590000001
Denmark,Djibouti,Animal,1640.371
Denmark,Dominican Republic,Animal,7329.014
Denmark,Algeria,Animal,583.378
Denmark,"Egypt, Arab Rep.",Animal,27375.713
Denmark,Spain,Animal,89996.85
Denmark,Ethiopia(includes Eritrea),Animal,222.453
Denmark,Finland,Animal,19746.727
Denmark,France,Animal,385486.27
Denmark,Faeroe Islands,Animal,5484.156000000001
Denmark,Gabon,Animal,79.297
Denmark,United Kingdom,Animal,848885.5409999999
Denmark,Ghana,Animal,190.043
Denmark,Gibraltar,Animal,650.909
Denmark,Guinea,Animal,295.103
Denmark,Guadeloupe,Animal,644.148
Denmark,"Gambia, The",Animal,114.461
Denmark,Greece,Animal,77782.10099999997
Denmark,Grenada,Animal,291.297
Denmark,Greenland,Animal,8487.447
Denmark,Guatemala,Animal,1164.624
Denmark,French Guiana,Animal,22.813000000000002
Denmark,"Hong Kong, China",Animal,16604.403000000002
Denmark,Honduras,Animal,1919.775
Denmark,Haiti,Animal,48.262
Denmark,Hungary,Animal,1163.536
Denmark,Indonesia,Animal,282.59
Denmark,India,Animal,182.653
Denmark,Ireland,Animal,7436.316000000002
Denmark,"Iran, Islamic Rep.",Animal,58520.992
Denmark,Iraq,Animal,3787.16
Denmark,Iceland,Animal,365.404
Denmark,Israel,Animal,878.9660000000001
Denmark,Italy,Animal,634414.8459999999
Denmark,Jamaica,Animal,215.845
Denmark,Jordan,Animal,2680.935
Denmark,Japan,Animal,746413.979
Denmark,Kenya,Animal,6.5120000000000005
Denmark,Kiribati,Animal,20.818
Denmark,St. Kitts and Nevis,Animal,14.025
Denmark,"Korea, Rep.",Animal,873.155
Denmark,Kuwait,Animal,25553.973
Denmark,Lebanon,Animal,8231.03
Denmark,Liberia,Animal,3288.4880000000007
Denmark,Libya,Animal,6323.627
Denmark,St. Lucia,Animal,80.197
Denmark,Sri Lanka,Animal,220.095
Denmark,Morocco,Animal,2885.952
Denmark,Maldives,Animal,276.89
Denmark,Mexico,Animal,12080.067
Denmark,Mali,Animal,66.414
Denmark,Malta,Animal,2823.948
Denmark,Mongolia,Animal,35.787
Denmark,Mozambique,Animal,2.6310000000000002
Denmark,Mauritania,Animal,13.898
Denmark,Martinique,Animal,825.743
Denmark,Mauritius,Animal,411.97
Denmark,Malawi,Animal,44.47
Denmark,Malaysia,Animal,13277.416999999998
Denmark,New Caledonia,Animal,365.125
Denmark,Niger,Animal,253.59799999999998
Denmark,Nigeria,Animal,1348.043
Denmark,Nicaragua,Animal,126.385
Denmark,Netherlands,Animal,98802.198
Denmark,Norway,Animal,26081.732000000004
Denmark,Nepal,Animal,37.533
Denmark,New Zealand,Animal,891.7470000000002
Denmark,Oman,Animal,5308.094
Denmark,Pakistan,Animal,2735.5290000000005
Denmark,Panama,Animal,499.542
Denmark,Peru,Animal,7.409
Denmark,Philippines,Animal,8847.448
Denmark,Poland,Animal,387.639
Denmark,Portugal,Animal,46258.392
Denmark,French Polynesia,Animal,466.69800000000004
Denmark,Qatar,Animal,8443.732
Denmark,Reunion,Animal,398.55199999999996
Denmark,Romania,Animal,529.413
Denmark,Rwanda,Animal,118.37899999999999
Denmark,Saudi Arabia,Animal,69039.53600000001
Denmark,Fm Sudan,Animal,45.19
Denmark,Senegal,Animal,221.932
Denmark,Singapore,Animal,10334.517
Denmark,Sierra Leone,Animal,485.654
Denmark,El Salvador,Animal,881.8919999999999
Denmark,Somalia,Animal,21.651
Denmark,Special Categories,Animal,12314.531
Denmark,Saint Pierre and Miquelon,Animal,8.724
Denmark,Sao Tome and Principe,Animal,66.896
Denmark,Soviet Union,Animal,12468.378999999999
Denmark,Sweden,Animal,110624.426
Denmark,Seychelles,Animal,144.517
Denmark,Syrian Arab Republic,Animal,488.70099999999996
Denmark,Togo,Animal,501.575
Denmark,Thailand,Animal,5284.729
Denmark,Trinidad and Tobago,Animal,1583.4370000000001
Denmark,Tunisia,Animal,381.63699999999994
Denmark,Turkey,Animal,421.14300000000003
Denmark,Tanzania,Animal,27.590000000000003
Denmark,Uganda,Animal,41.156000000000006
Denmark,Unspecified,Animal,21493.015
Denmark,Uruguay,Animal,154.053
Denmark,United States,Animal,174486.88100000002
Denmark,Us Msc.Pac.I,Animal,647.668
Denmark,Venezuela,Animal,20572.484
Denmark,Vanuatu,Animal,31.083000000000002
Denmark, World,Animal,4721598.603999999
Denmark,Yemen Democratic,Animal,21069.688
Denmark,Yemen,Animal,2603.3779999999997
Denmark,"Yugoslavia,FR(Serbia/Montenegr",Animal,1534.999
Denmark,South Africa,Animal,72.94
Denmark,"Congo, Dem. Rep.",Animal,599.8689999999998
Denmark,Zambia,Animal,23.068
Spain,Angola,Animal,3980.519
Spain,Andorra,Animal,33040.08100000001
Spain,Netherlands Antilles,Animal,28.747
Spain,United Arab Emirates,Animal,11.287
Spain,Argentina,Animal,170.79400000000004
Spain,Australia,Animal,209.61900000000003
Spain,Austria,Animal,423.07
Spain,Benin,Animal,44.96
Spain,Burkina Faso,Animal,82.523
Spain,Bangladesh,Animal,155.608
Spain,Belgium-Luxembourg,Animal,50539.155999999995
Spain,Brazil,Animal,305.752
Spain,Central African Republic,Animal,36.333
Spain,Canada,Animal,148.201
Spain,Switzerland,Animal,3262.804
Spain,Chile,Animal,1645.2199999999998
Spain,Cote d'Ivoire,Animal,6708.161999999999
Spain,Cameroon,Animal,9.873
Spain,"Congo, Rep.",Animal,51.391000000000005
Spain,Cape Verde,Animal,8.537
Spain,Czechoslovakia,Animal,84.83200000000001
Spain,Cyprus,Animal,417.904
Spain,German Democratic Republic,Animal,35.29700000000001
Spain,Germany,Animal,39227.432
Spain,Denmark,Animal,3293.586
Spain,Dominican Republic,Animal,85.35700000000001
Spain,Algeria,Animal,4489.385
Spain,"Egypt, Arab Rep.",Animal,33.304
Spain,France,Animal,347926.73299999995
Spain,Faeroe Islands,Animal,18.19
Spain,Gabon,Animal,91.854
Spain,United Kingdom,Animal,21100.25
Spain,Gibraltar,Animal,1416.4920000000004
Spain,Guinea,Animal,842.342
Spain,"Gambia, The",Animal,128.263
Spain,Guinea-Bissau,Animal,26.315
Spain,Equatorial Guinea,Animal,616.8620000000002
Spain,Greece,Animal,8434.508
Spain,Guatemala,Animal,9.065
Spain,"Hong Kong, China",Animal,1963.583
Spain,Hungary,Animal,0.72
Spain,Indonesia,Animal,1609.0729999999999
Spain,India,Animal,413.42
Spain,Ireland,Animal,219.387
Spain,Israel,Animal,987.3919999999999
Spain,Italy,Animal,189538.34
Spain,Jordan,Animal,53.111000000000004
Spain,Japan,Animal,115235.095
Spain,"Korea, Rep.",Animal,240.774
Spain,Kuwait,Animal,55.918
Spain,Lebanon,Animal,21.485000000000007
Spain,Liberia,Animal,164.053
Spain,Libya,Animal,289.437
Spain,Morocco,Animal,1325.71
Spain,Mexico,Animal,881.2739999999999
Spain,Malta,Animal,6.621
Spain,Mozambique,Animal,88.064
Spain,Mauritania,Animal,144.23399999999995
Spain,Malawi,Animal,2.2319999999999998
Spain,Malaysia,Animal,0.7659999999999999
Spain,Netherlands,Animal,31840.388000000006
Spain,Norway,Animal,115.26799999999999
Spain,New Zealand,Animal,5.52
Spain,Panama,Animal,6055.035000000002
Spain,Philippines,Animal,2.397
Spain,Poland,Animal,52.95
Spain,Portugal,Animal,109231.94900000001
Spain,Qatar,Animal,4.056
Spain,Saudi Arabia,Animal,300.623
Spain,Senegal,Animal,6422.219999999998
Spain,Singapore,Animal,449.48699999999997
Spain,Sierra Leone,Animal,1.298
Spain,Special Categories,Animal,9.838
Spain,Sao Tome and Principe,Animal,10.374
Spain,Soviet Union,Animal,10.475
Spain,Sweden,Animal,1373.309
Spain,Seychelles,Animal,774.2660000000001
Spain,Togo,Animal,81.834
Spain,Thailand,Animal,15725.169
Spain,Tunisia,Animal,526.504
Spain,Turkey,Animal,59.045
Spain,Unspecified,Animal,194.634
Spain,Uruguay,Animal,27.793000000000003
Spain,United States,Animal,13888.347000000002
Spain,Venezuela,Animal,321.632
Spain, World,Animal,1035163.668
Spain,Yemen,Animal,18.285999999999998
Spain,"Yugoslavia,FR(Serbia/Montenegr",Animal,67.28699999999999
Spain,South Africa,Animal,618.2189999999998
Spain,"Congo, Dem. Rep.",Animal,24.705
Finland,United Arab Emirates,Animal,191.91
Finland,Argentina,Animal,8.162
Finland,Australia,Animal,58.406000000000006
Finland,Austria,Animal,532.3629999999998
Finland,Belgium-Luxembourg,Animal,14401.264
Finland,Brazil,Animal,2198.478
Finland,Canada,Animal,1036.544
Finland,Switzerland,Animal,1745.689
Finland,Chile,Animal,126.603
Finland,China,Animal,4.838
Finland,Cote d'Ivoire,Animal,3.015
Finland,Czechoslovakia,Animal,1.236
Finland,Cuba,Animal,981.775
Finland,Cyprus,Animal,1119.164
Finland,German Democratic Republic,Animal,5.364
Finland,Germany,Animal,1994.08
Finland,Denmark,Animal,2345.201
Finland,Algeria,Animal,597.882
Finland,"Egypt, Arab Rep.",Animal,2427.203
Finland,Spain,Animal,4185.6990000000005
Finland,Ethiopia(includes Eritrea),Animal,1231.347
Finland,France,Animal,1017.6519999999999
Finland,Gabon,Animal,4.575
Finland,United Kingdom,Animal,2441.5000000000005
Finland,Gibraltar,Animal,18.125
Finland,Greece,Animal,58.478
Finland,"Hong Kong, China",Animal,822.9789999999999
Finland,Hungary,Animal,104.558
Finland,Ireland,Animal,2019.616
Finland,"Iran, Islamic Rep.",Animal,3439.333
Finland,Italy,Animal,11608.917
Finland,Jamaica,Animal,215.71900000000002
Finland,Jordan,Animal,289.57599999999996
Finland,Japan,Animal,6040.4
Finland,Cambodia,Animal,277.79900000000004
Finland,"Korea, Rep.",Animal,463.276
Finland,Lebanon,Animal,6185.951
Finland,Liberia,Animal,0.5720000000000001
Finland,Sri Lanka,Animal,1.883
Finland,Morocco,Animal,1872.311
Finland,Mexico,Animal,337.32199999999995
Finland,Malta,Animal,184.45
Finland,Mauritania,Animal,978.745
Finland,Malawi,Animal,286.714
Finland,Nigeria,Animal,76.492
Finland,Nicaragua,Animal,719.592
Finland,Netherlands,Animal,1604.3129999999999
Finland,Norway,Animal,2787.3740000000003
Finland,Nepal,Animal,456.158
Finland,Oman,Animal,645.622
Finland,Pakistan,Animal,779.709
Finland,Poland,Animal,2256.112
Finland,"Korea, Dem. Rep.",Animal,19.794
Finland,Saudi Arabia,Animal,64.813
Finland,Fm Sudan,Animal,448.162
Finland,Senegal,Animal,115.67200000000001
Finland,Singapore,Animal,292.71299999999997
Finland,Somalia,Animal,1710.017
Finland,Soviet Union,Animal,23702.807
Finland,Sweden,Animal,13153.799
Finland,Syrian Arab Republic,Animal,2538.847
Finland,Thailand,Animal,56.438
Finland,Tunisia,Animal,2467.944
Finland,Tanzania,Animal,28.738000000000003
Finland,Unspecified,Animal,11.373
Finland,United States,Animal,29752.055
Finland, World,Animal,159858.553
Finland,Yemen,Animal,1300.767
Finland,"Yugoslavia,FR(Serbia/Montenegr",Animal,672.635
Finland,South Africa,Animal,32.649
Finland,Zambia,Animal,9.328
Greece,Anguila,Animal,5.882000000000001
Greece,Albania,Animal,122.01
Greece,Netherlands Antilles,Animal,6.928
Greece,Antigua and Barbuda,Animal,3.5210000000000004
Greece,Australia,Animal,4365.789000000001
Greece,Austria,Animal,913.1339999999999
Greece,Bulgaria,Animal,65.581
Greece,Bahrain,Animal,0.93
Greece,"Bahamas, The",Animal,87.226
Greece,Belgium-Luxembourg,Animal,819.663
Greece,Bermuda,Animal,10.058
Greece,Brazil,Animal,1.19
Greece,Canada,Animal,1389.3249999999996
Greece,Switzerland,Animal,324.0660000000001
Greece,Chile,Animal,8.672
Greece,China,Animal,1.244
Greece,Colombia,Animal,0.541
Greece,Czechoslovakia,Animal,163.273
Greece,Cayman Islands,Animal,17.566
Greece,Cyprus,Animal,2037.349
Greece,German Democratic Republic,Animal,27.189
Greece,Germany,Animal,21057.171
Greece,Denmark,Animal,138.112
Greece,"Egypt, Arab Rep.",Animal,16.491
Greece,Spain,Animal,4787.67
Greece,Finland,Animal,167.05700000000004
Greece,France,Animal,9358.509
Greece,United Kingdom,Animal,9001.085
Greece,Gibraltar,Animal,3.3569999999999998
Greece,Honduras,Animal,84.544
Greece,Hungary,Animal,8.753
Greece,Indonesia,Animal,0.76
Greece,India,Animal,5.278
Greece,"Iran, Islamic Rep.",Animal,1.574
Greece,Iraq,Animal,10.76
Greece,Israel,Animal,44.651
Greece,Italy,Animal,44573.658
Greece,Jordan,Animal,179.90900000000002
Greece,Japan,Animal,3491.802
Greece,St. Kitts and Nevis,Animal,1.774
Greece,Kuwait,Animal,67.398
Greece,Lebanon,Animal,1154.517
Greece,Liberia,Animal,624.943
Greece,Libya,Animal,4.756
Greece,Sri Lanka,Animal,11.456
Greece,Morocco,Animal,252.123
Greece,Maldives,Animal,0.9009999999999999
Greece,Mexico,Animal,20.955
Greece,Malta,Animal,518.4739999999998
Greece,Nigeria,Animal,18.119
Greece,Netherlands,Animal,1152.1580000000001
Greece,Norway,Animal,55.365
Greece,New Zealand,Animal,2.112
Greece,Panama,Animal,700.3639999999999
Greece,Philippines,Animal,25.09
Greece,Poland,Animal,11.223
Greece,Portugal,Animal,53.305
Greece,Romania,Animal,39.802
Greece,Saudi Arabia,Animal,38.035
Greece,Singapore,Animal,11.383
Greece,Soviet Union,Animal,405.253
Greece,Sweden,Animal,529.8240000000001
Greece,Syrian Arab Republic,Animal,332.717
Greece,Thailand,Animal,0.527
Greece,Tunisia,Animal,24.613000000000003
Greece,Turkey,Animal,250.763
Greece,Unspecified,Animal,480.625
Greece,United States,Animal,7578.709
Greece,St. Vincent and the Grenadines,Animal,71.01100000000001
Greece,Venezuela,Animal,5.856
Greece,Vanuatu,Animal,11.048
Greece, World,Animal,118826.66900000001
Greece,"Yugoslavia,FR(Serbia/Montenegr",Animal,68.671
Greece,South Africa,Animal,39.751999999999995
Indonesia,United Arab Emirates,Animal,1.0
Indonesia,Australia,Animal,4357.0
Indonesia,Austria,Animal,12.0
Indonesia,Bangladesh,Animal,5893.0
Indonesia,Belgium-Luxembourg,Animal,24333.0
Indonesia,Canada,Animal,2199.0
Indonesia,Switzerland,Animal,110.0
Indonesia,Germany,Animal,3064.0
Indonesia,Denmark,Animal,135.0
Indonesia,Spain,Animal,305.0
Indonesia,Finland,Animal,1.0
Indonesia,France,Animal,19945.0
Indonesia,United Kingdom,Animal,2221.0
Indonesia,Greece,Animal,5.0
Indonesia,"Hong Kong, China",Animal,30097.0
Indonesia,Italy,Animal,1324.0
Indonesia,Japan,Animal,479592.008
Indonesia,"Korea, Rep.",Animal,11183.0
Indonesia,Lebanon,Animal,1.0
Indonesia,Myanmar,Animal,7.0
Indonesia,Mozambique,Animal,73.0
Indonesia,Malaysia,Animal,5623.0
Indonesia,Netherlands,Animal,12622.0
Indonesia,Norway,Animal,16.0
Indonesia,New Zealand,Animal,3.0
Indonesia,Pakistan,Animal,159.0
Indonesia,Philippines,Animal,2495.0
Indonesia,Portugal,Animal,7.0
Indonesia,Saudi Arabia,Animal,16.0
Indonesia,Singapore,Animal,88261.0
Indonesia,Soviet Union,Animal,6.0
Indonesia,Sweden,Animal,6.0
Indonesia,Thailand,Animal,10571.0
Indonesia,Turkey,Animal,2.0
Indonesia,Unspecified,Animal,37.0
Indonesia,United States,Animal,52437.0
Indonesia,Vietnam,Animal,479.0
Indonesia, World,Animal,761668.0
Indonesia,"Yugoslavia,FR(Serbia/Montenegr",Animal,16.0
India,Afghanistan,Animal,447.864
India,United Arab Emirates,Animal,30080.032000000003
India,Australia,Animal,2438.014
India,Austria,Animal,77.124
India,Bangladesh,Animal,64.30199999999999
India,Bahrain,Animal,2939.255
India,"Bahamas, The",Animal,37.618
India,Belgium-Luxembourg,Animal,2270.835
India,Brazil,Animal,131.70600000000002
India,Brunei,Animal,6.47
India,Central African Republic,Animal,1516.1760000000002
India,Canada,Animal,858.545
India,Switzerland,Animal,670.1419999999998
India,"Congo, Rep.",Animal,40.041
India,Czechoslovakia,Animal,429.017
India,Cyprus,Animal,134.765
India,German Democratic Republic,Animal,3594.3680000000004
India,Denmark,Animal,210.666
India,Algeria,Animal,64.541
India,Spain,Animal,26894.269
India,Ethiopia(includes Eritrea),Animal,266.45099999999996
India,Fiji,Animal,29.087
India,France,Animal,13611.857
India,Gabon,Animal,299.24
India,United Kingdom,Animal,37972.282999999996
India,Guadeloupe,Animal,24.401
India,Greece,Animal,4912.5250000000015
India,"Hong Kong, China",Animal,5619.784000000001
India,Indonesia,Animal,266.01099999999997
India,Ireland,Animal,65.241
India,Iraq,Animal,20.035999999999998
India,Israel,Animal,7.854
India,Italy,Animal,12834.71
India,Jordan,Animal,193.025
India,Japan,Animal,250813.228
India,Kenya,Animal,3.4619999999999997
India,"Korea, Rep.",Animal,1393.9029999999998
India,Kuwait,Animal,5701.297000000001
India,Lao PDR,Animal,60.369
India,Liberia,Animal,7.7
India,Sri Lanka,Animal,1327.4579999999999
India,Maldives,Animal,228.297
India,Mali,Animal,4.32
India,Martinique,Animal,1.925
India,Mauritius,Animal,379.101
India,Malawi,Animal,2.052
India,Malaysia,Animal,31481.592000000004
India,Nigeria,Animal,130.19
India,Netherlands,Animal,8915.545
India,Norway,Animal,14.135
India,Nepal,Animal,109.102
India,Oman,Animal,3715.4640000000004
India,Pakistan,Animal,0.7240000000000001
India,Panama,Animal,143.484
India,Philippines,Animal,1.347
India,"Korea, Dem. Rep.",Animal,87.14
India,Portugal,Animal,3129.172
India,Qatar,Animal,118.316
India,Saudi Arabia,Animal,2764.295
India,Fm Sudan,Animal,85.045
India,Singapore,Animal,18662.766
India,Sierra Leone,Animal,132.874
India,Soviet Union,Animal,962.107
India,Sweden,Animal,133.46699999999998
India,Thailand,Animal,598.131
India,Trinidad and Tobago,Animal,2.5989999999999998
India,Turkey,Animal,579.047
India,Unspecified,Animal,10.927
India,Uruguay,Animal,0.534
India,United States,Animal,48612.624
India, World,Animal,531609.894
India,Yemen Democratic,Animal,21.197
India,Yemen,Animal,1396.159
India,"Yugoslavia,FR(Serbia/Montenegr",Animal,0.924
India,"Congo, Dem. Rep.",Animal,275.181
Iceland,Netherlands Antilles,Animal,180.54
Iceland,Australia,Animal,1745.152
Iceland,Austria,Animal,87.197
Iceland,"Bahamas, The",Animal,157.107
Iceland,Belgium-Luxembourg,Animal,6021.036
Iceland,Brazil,Animal,4281.848
Iceland,Canada,Animal,1283.275
Iceland,Switzerland,Animal,2206.69
Iceland,Chile,Animal,85.195
Iceland,Cameroon,Animal,440.536
Iceland,Czechoslovakia,Animal,576.367
Iceland,Cyprus,Animal,133.761
Iceland,German Democratic Republic,Animal,80442.91699999999
Iceland,Germany,Animal,156.275
Iceland,Denmark,Animal,36626.614
Iceland,Spain,Animal,46804.376
Iceland,Finland,Animal,6140.508000000001
Iceland,France,Animal,66820.36200000001
Iceland,Faeroe Islands,Animal,6025.272
Iceland,Gabon,Animal,238.049
Iceland,United Kingdom,Animal,197649.84399999998
Iceland,Guadeloupe,Animal,156.195
Iceland,Greece,Animal,14250.819
Iceland,Greenland,Animal,322.382
Iceland,Italy,Animal,35071.156
Iceland,Japan,Animal,77773.402
Iceland,"Korea, Rep.",Animal,2706.0359999999996
Iceland,Mexico,Animal,1.185
Iceland,Martinique,Animal,292.687
Iceland,Nigeria,Animal,6087.291
Iceland,Netherlands,Animal,17226.180999999997
Iceland,Norway,Animal,5091.813
Iceland,Poland,Animal,1224.628
Iceland,Portugal,Animal,59805.632000000005
Iceland,Reunion,Animal,1287.979
Iceland,Singapore,Animal,105.251
Iceland,Soviet Union,Animal,29716.446
Iceland,Sweden,Animal,13640.26
Iceland,Tunisia,Animal,683.125
Iceland,Unspecified,Animal,9.829
Iceland,United States,Animal,176592.643
Iceland, World,Animal,920750.94
Iceland,"Yugoslavia,FR(Serbia/Montenegr",Animal,607.487
Iceland,"Congo, Dem. Rep.",Animal,42.476000000000006
Japan,Netherlands Antilles,Animal,725.548
Japan,United Arab Emirates,Animal,47.919
Japan,Australia,Animal,6416.703999999999
Japan,Austria,Animal,21.307
Japan,Bulgaria,Animal,190.972
Japan,Bahrain,Animal,15.502
Japan,Belgium-Luxembourg,Animal,477.009
Japan,Brazil,Animal,3262.5370000000003
Japan,Brunei,Animal,79.752
Japan,Canada,Animal,4800.895
Japan,Switzerland,Animal,156.53199999999995
Japan,Chile,Animal,3.222
Japan,China,Animal,1843.775
Japan,Cote d'Ivoire,Animal,4657.776
Japan,Colombia,Animal,19.963
Japan,Cape Verde,Animal,8.221
Japan,Costa Rica,Animal,170.43200000000002
Japan,Cuba,Animal,34.158
Japan,Cyprus,Animal,5.449
Japan,Germany,Animal,6347.387
Japan,Denmark,Animal,977.02
Japan,Dominican Republic,Animal,3.404
Japan,Ecuador,Animal,142.626
Japan,"Egypt, Arab Rep.",Animal,155.766
Japan,Spain,Animal,2227.481
Japan,Fiji,Animal,604.201
Japan,France,Animal,46360.371
Japan,United Kingdom,Animal,3607.923
Japan,Ghana,Animal,29.028
Japan,Guinea-Bissau,Animal,15.823
Japan,Greece,Animal,86.686
Japan,Guatemala,Animal,1.979
Japan,Guyana,Animal,1006.291
Japan,"Hong Kong, China",Animal,41858.445000000014
Japan,Honduras,Animal,380.276
Japan,Indonesia,Animal,921.715
Japan,India,Animal,211.595
Japan,"Iran, Islamic Rep.",Animal,533.673
Japan,Israel,Animal,351.816
Japan,Italy,Animal,2625.6690000000003
Japan,Kenya,Animal,319.717
Japan,"Korea, Rep.",Animal,16604.299
Japan,Kuwait,Animal,62.214
Japan,Libya,Animal,1838.5839999999998
Japan,Sri Lanka,Animal,145.90699999999995
Japan,Macao,Animal,13.83
Japan,Maldives,Animal,31.72
Japan,Mexico,Animal,39.076
Japan,Mozambique,Animal,64.626
Japan,Mauritius,Animal,2688.328
Japan,Malaysia,Animal,5415.485
Japan,New Caledonia,Animal,4297.945
Japan,Netherlands,Animal,1409.793
Japan,Norway,Animal,9.093
Japan,New Zealand,Animal,7417.183999999998
Japan,Oman,Animal,167.93
Japan,Pakistan,Animal,3.8989999999999996
Japan,Panama,Animal,158.623
Japan,Pacific Islands,Animal,3029.53
Japan,Philippines,Animal,29692.794
Japan,Papua New Guinea,Animal,20.974
Japan,Poland,Animal,8.584
Japan,"Korea, Dem. Rep.",Animal,1239.06
Japan,Portugal,Animal,483.324
Japan,French Polynesia,Animal,1407.0710000000001
Japan,Reunion,Animal,332.624
Japan,Saudi Arabia,Animal,72.432
Japan,Singapore,Animal,14221.323
Japan,Solomon Islands,Animal,7368.669
Japan,Special Categories,Animal,70.142
Japan,Suriname,Animal,1723.1229999999998
Japan,Soviet Union,Animal,3454.295
Japan,Sweden,Animal,238.462
Japan,Seychelles,Animal,1124.08
Japan,Syrian Arab Republic,Animal,20.611
Japan,Thailand,Animal,32712.257
Japan,Trinidad and Tobago,Animal,423.843
Japan,Uruguay,Animal,2504.487
Japan,United States,Animal,97060.768
Japan,Us Msc.Pac.I,Animal,30363.92
Japan,St. Vincent and the Grenadines,Animal,8.584
Japan,Venezuela,Animal,84.103
Japan,Vietnam,Animal,92.309
Japan,Vanuatu,Animal,115.889
Japan, World,Animal,438260.244
Japan,Samoa,Animal,56.093
Japan,"Yugoslavia,FR(Serbia/Montenegr",Animal,805.248
Japan,South Africa,Animal,7046.448
"Korea, Rep.",United Arab Emirates,Animal,246.497
"Korea, Rep.",Australia,Animal,914.671
"Korea, Rep.",Austria,Animal,3.013
"Korea, Rep.",Bangladesh,Animal,1.4869999999999999
"Korea, Rep.",Bahrain,Animal,44.126000000000005
"Korea, Rep.",Belgium-Luxembourg,Animal,677.2549999999999
"Korea, Rep.",Brunei,Animal,390.0
"Korea, Rep.",Canada,Animal,1821.1779999999999
"Korea, Rep.",Switzerland,Animal,45.428000000000004
"Korea, Rep.",China,Animal,12218.893
"Korea, Rep.",Cote d'Ivoire,Animal,13.409
"Korea, Rep.",Cameroon,Animal,8.67
"Korea, Rep.",Colombia,Animal,14.569
"Korea, Rep.",Cyprus,Animal,17.373
"Korea, Rep.",Germany,Animal,2623.982
"Korea, Rep.",Denmark,Animal,1822.9070000000002
"Korea, Rep.",Algeria,Animal,26.796
"Korea, Rep.","Egypt, Arab Rep.",Animal,3.157
"Korea, Rep.",Spain,Animal,20363.588
"Korea, Rep.",Fiji,Animal,316.931
"Korea, Rep.",France,Animal,3000.847
"Korea, Rep.",United Kingdom,Animal,1665.346
"Korea, Rep.",Ghana,Animal,21.926
"Korea, Rep.",Greece,Animal,385.843
"Korea, Rep.","Hong Kong, China",Animal,3952.598
"Korea, Rep.",Honduras,Animal,230.419
"Korea, Rep.",Indonesia,Animal,2143.842
"Korea, Rep.",India,Animal,8.336
"Korea, Rep.",Italy,Animal,5607.285
"Korea, Rep.",Japan,Animal,1125474.336
"Korea, Rep.",Kuwait,Animal,26.31
"Korea, Rep.",Libya,Animal,3094.2659999999996
"Korea, Rep.",Sri Lanka,Animal,6.6129999999999995
"Korea, Rep.",Mexico,Animal,80.126
"Korea, Rep.",Malaysia,Animal,2379.643
"Korea, Rep.",Nigeria,Animal,6.691
"Korea, Rep.",Netherlands,Animal,937.6289999999999
"Korea, Rep.",Norway,Animal,338.69699999999995
"Korea, Rep.",New Zealand,Animal,982.0089999999999
"Korea, Rep.",Oman,Animal,43.011
"Korea, Rep.",Pakistan,Animal,22.693
"Korea, Rep.",Panama,Animal,795.6569999999999
"Korea, Rep.",Pacific Islands,Animal,49.46
"Korea, Rep.",Philippines,Animal,6.933
"Korea, Rep.",Portugal,Animal,51.855
"Korea, Rep.",French Polynesia,Animal,47.848
"Korea, Rep.",Saudi Arabia,Animal,311.79
"Korea, Rep.",Fm Sudan,Animal,20.36
"Korea, Rep.",Singapore,Animal,3666.525
"Korea, Rep.",Solomon Islands,Animal,0.705
"Korea, Rep.",Sierra Leone,Animal,1896.76
"Korea, Rep.",Saint Pierre and Miquelon,Animal,376.634
"Korea, Rep.",Suriname,Animal,546.3330000000001
"Korea, Rep.",Sweden,Animal,269.98900000000003
"Korea, Rep.",Thailand,Animal,18486.025
"Korea, Rep.",Unspecified,Animal,9458.271999999999
"Korea, Rep.",United States,Animal,114544.927
"Korea, Rep.",Us Msc.Pac.I,Animal,8174.303000000001
"Korea, Rep.",Venezuela,Animal,120.852
"Korea, Rep.", World,Animal,1350810.865
"Korea, Rep.",Yemen,Animal,3.181
Malaysia,United Arab Emirates,Animal,5.755
Malaysia,Australia,Animal,12865.301
Malaysia,Austria,Animal,7.05
Malaysia,Belgium-Luxembourg,Animal,1775.9779999999998
Malaysia,Brunei,Animal,4648.181
Malaysia,Canada,Animal,446.17
Malaysia,Switzerland,Animal,51.817
Malaysia,China,Animal,187.03099999999998
Malaysia,Germany,Animal,1842.595
Malaysia,Denmark,Animal,196.938
Malaysia,Spain,Animal,5614.183000000001
Malaysia,Fiji,Animal,127.64299999999999
Malaysia,France,Animal,162.885
Malaysia,United Kingdom,Animal,1987.059
Malaysia,Gibraltar,Animal,40.102
Malaysia,"Hong Kong, China",Animal,5699.414000000001
Malaysia,Hungary,Animal,40.827
Malaysia,Indonesia,Animal,1933.695
Malaysia,India,Animal,1.4769999999999999
Malaysia,Italy,Animal,1159.3980000000001
Malaysia,Jordan,Animal,316.465
Malaysia,Japan,Animal,49516.57700000001
Malaysia,"Korea, Rep.",Animal,3420.8709999999996
Malaysia,Kuwait,Animal,208.107
Malaysia,Maldives,Animal,2.352
Malaysia,Mauritius,Animal,5.3229999999999995
Malaysia,Netherlands,Animal,3503.401
Malaysia,New Zealand,Animal,346.50699999999995
Malaysia,Oman,Animal,14.805
Malaysia,Pakistan,Animal,20.053
Malaysia,Philippines,Animal,125.575
Malaysia,"Korea, Dem. Rep.",Animal,70.188
Malaysia,Portugal,Animal,155.172
Malaysia,Saudi Arabia,Animal,2128.683
Malaysia,Singapore,Animal,173591.578
Malaysia,Special Categories,Animal,77.851
Malaysia,Sweden,Animal,505.95099999999996
Malaysia,Seychelles,Animal,4.265
Malaysia,Syrian Arab Republic,Animal,1.3419999999999999
Malaysia,Thailand,Animal,6323.9969999999985
Malaysia,Unspecified,Animal,20.272000000000002
Malaysia,United States,Animal,13131.863000000001
Malaysia, World,Animal,296443.44700000004
Malaysia,"Yugoslavia,FR(Serbia/Montenegr",Animal,0.594
Malaysia,South Africa,Animal,2.16
New Zealand,Netherlands Antilles,Animal,630.396
New Zealand,United Arab Emirates,Animal,15161.096
New Zealand,Argentina,Animal,9.429
New Zealand,Antigua and Barbuda,Animal,204.174
New Zealand,Australia,Animal,178818.47499999995
New Zealand,Austria,Animal,1663.59
New Zealand,Bangladesh,Animal,208.942
New Zealand,Bulgaria,Animal,1029.56
New Zealand,Bahrain,Animal,3718.915
New Zealand,"Bahamas, The",Animal,918.046
New Zealand,Belgium-Luxembourg,Animal,22494.748000000003
New Zealand,Belize,Animal,728.9839999999999
New Zealand,Bermuda,Animal,3193.889
New Zealand,Brazil,Animal,6478.401999999999
New Zealand,Barbados,Animal,7265.929000000001
New Zealand,Brunei,Animal,36.976
New Zealand,Bhutan,Animal,19.619
New Zealand,Canada,Animal,106968.03
New Zealand,Switzerland,Animal,13249.54
New Zealand,Chile,Animal,2403.1959999999995
New Zealand,China,Animal,7192.776
New Zealand,Cook Islands,Animal,1471.855
New Zealand,Colombia,Animal,28.176
New Zealand,Cyprus,Animal,2003.406
New Zealand,Germany,Animal,74069.685
New Zealand,Dominica,Animal,89.62799999999999
New Zealand,Denmark,Animal,8236.265
New Zealand,Dominican Republic,Animal,11403.524
New Zealand,Algeria,Animal,1184.758
New Zealand,Ecuador,Animal,1.633
New Zealand,"Egypt, Arab Rep.",Animal,8991.229000000001
New Zealand,Spain,Animal,19132.169
New Zealand,Finland,Animal,1021.7489999999999
New Zealand,Fiji,Animal,13185.745
New Zealand,France,Animal,40490.025
New Zealand,Faeroe Islands,Animal,49.093999999999994
New Zealand,Gabon,Animal,274.60200000000003
New Zealand,United Kingdom,Animal,423897.96800000005
New Zealand,Ghana,Animal,345.395
New Zealand,Gibraltar,Animal,232.858
New Zealand,Guadeloupe,Animal,2452.4629999999997
New Zealand,Greece,Animal,21150.522
New Zealand,Grenada,Animal,846.3639999999999
New Zealand,Guatemala,Animal,2069.717
New Zealand,French Guiana,Animal,404.491
New Zealand,"Hong Kong, China",Animal,44345.342000000004
New Zealand,Honduras,Animal,850.915
New Zealand,Haiti,Animal,604.2330000000001
New Zealand,Hungary,Animal,7.479
New Zealand,Indonesia,Animal,28163.631
New Zealand,India,Animal,35.148
New Zealand,Ireland,Animal,1482.9109999999996
New Zealand,"Iran, Islamic Rep.",Animal,87594.07199999999
New Zealand,Iraq,Animal,1240.276
New Zealand,Israel,Animal,3.949
New Zealand,Italy,Animal,21929.158000000003
New Zealand,Jamaica,Animal,17421.125
New Zealand,Jordan,Animal,13179.578
New Zealand,Japan,Animal,446163.754
New Zealand,Kenya,Animal,6.2829999999999995
New Zealand,Kiribati,Animal,10.882
New Zealand,St. Kitts and Nevis,Animal,23.273000000000003
New Zealand,"Korea, Rep.",Animal,60003.96200000001
New Zealand,Kuwait,Animal,8300.287
New Zealand,Lebanon,Animal,753.8870000000002
New Zealand,Libya,Animal,4100.355
New Zealand,St. Lucia,Animal,560.519
New Zealand,Sri Lanka,Animal,22667.552000000003
New Zealand,Macao,Animal,779.6519999999999
New Zealand,Morocco,Animal,661.3249999999998
New Zealand,Maldives,Animal,73.393
New Zealand,Mexico,Animal,113771.534
New Zealand,Malta,Animal,1824.44
New Zealand,Myanmar,Animal,28.737
New Zealand,Mauritania,Animal,15.315
New Zealand,Martinique,Animal,2155.868
New Zealand,Mauritius,Animal,4660.985
New Zealand,Malawi,Animal,136.89600000000002
New Zealand,Malaysia,Animal,111343.134
New Zealand,New Caledonia,Animal,5593.573
New Zealand,Niger,Animal,1845.856
New Zealand,Norfolk Island,Animal,423.33099999999996
New Zealand,Nigeria,Animal,436.514
New Zealand,Niue,Animal,156.636
New Zealand,Netherlands,Animal,35548.218
New Zealand,Norway,Animal,128.316
New Zealand,Nauru,Animal,68.316
New Zealand,Oman,Animal,9727.973
New Zealand,Pakistan,Animal,232.10700000000003
New Zealand,Panama,Animal,5262.519
New Zealand,Pacific Islands,Animal,81.916
New Zealand,Peru,Animal,13156.256000000001
New Zealand,Philippines,Animal,77886.401
New Zealand,Papua New Guinea,Animal,11472.142
New Zealand,Portugal,Animal,7641.116999999999
New Zealand,French Polynesia,Animal,18272.972
New Zealand,Qatar,Animal,2259.08
New Zealand,Reunion,Animal,1223.958
New Zealand,Rwanda,Animal,6.693
New Zealand,Saudi Arabia,Animal,55853.710999999996
New Zealand,Fm Sudan,Animal,36.049
New Zealand,Singapore,Animal,46231.317
New Zealand,Solomon Islands,Animal,376.403
New Zealand,El Salvador,Animal,5085.9220000000005
New Zealand,Soviet Union,Animal,63775.725999999995
New Zealand,Sweden,Animal,3885.348
New Zealand,Thailand,Animal,40646.219
New Zealand,Tonga,Animal,2950.825
New Zealand,Trinidad and Tobago,Animal,7270.5250000000015
New Zealand,Tunisia,Animal,1623.3339999999996
New Zealand,Tuvalu,Animal,34.09
New Zealand,Unspecified,Animal,41.349
New Zealand,United States,Animal,712604.923
New Zealand,Us Msc.Pac.I,Animal,5398.574000000001
New Zealand,St. Vincent and the Grenadines,Animal,153.654
New Zealand,Venezuela,Animal,23301.867000000002
New Zealand,Vietnam,Animal,1041.223
New Zealand,Vanuatu,Animal,306.156
New Zealand, World,Animal,3250873.3039999995
New Zealand,Wallis and Futura Isl.,Animal,137.611
New Zealand,Samoa,Animal,3149.7529999999997
New Zealand,Yemen Democratic,Animal,270.324
New Zealand,Yemen,Animal,6100.028
New Zealand,"Yugoslavia,FR(Serbia/Montenegr",Animal,391.12
New Zealand,South Africa,Animal,2936.278
New Zealand,"Congo, Dem. Rep.",Animal,30.645
New Zealand,Zimbabwe,Animal,4.914
Oman,United Arab Emirates,Animal,30312.994999999995
Oman,Australia,Animal,704.8989999999999
Oman,Bahrain,Animal,93.369
Oman,China,Animal,71.703
Oman,Cyprus,Animal,13.298
Oman,Germany,Animal,775.86
Oman,Denmark,Animal,59.518
Oman,France,Animal,1919.5
Oman,United Kingdom,Animal,133.531
Oman,Greece,Animal,356.57199999999995
Oman,"Hong Kong, China",Animal,465.668
Oman,India,Animal,40.319
Oman,"Iran, Islamic Rep.",Animal,3.641
Oman,Italy,Animal,4946.193
Oman,Jordan,Animal,879.924
Oman,Japan,Animal,2920.4359999999997
Oman,"Korea, Rep.",Animal,8727.186
Oman,Kuwait,Animal,194.491
Oman,Lebanon,Animal,67.459
Oman,Netherlands,Animal,645.05
Oman,New Zealand,Animal,15.604000000000001
Oman,Qatar,Animal,827.953
Oman,Saudi Arabia,Animal,2796.291
Oman,Singapore,Animal,126.93299999999999
Oman,Special Categories,Animal,1804.935
Oman,Sweden,Animal,27.958000000000002
Oman,Thailand,Animal,31.785999999999998
Oman,Turkey,Animal,0.78
Oman,Unspecified,Animal,0.478
Oman,United States,Animal,5293.178000000001
Oman, World,Animal,64257.505999999994
Portugal,Angola,Animal,8059.08
Portugal,Australia,Animal,80.59
Portugal,Austria,Animal,78.199
Portugal,Belgium-Luxembourg,Animal,3988.843
Portugal,Belize,Animal,48.91
Portugal,Brazil,Animal,1217.609
Portugal,Central African Republic,Animal,22.995
Portugal,Canada,Animal,7470.6759999999995
Portugal,Switzerland,Animal,4856.736
Portugal,China,Animal,157.501
Portugal,"Congo, Rep.",Animal,3.233
Portugal,Cape Verde,Animal,53.894
Portugal,Cyprus,Animal,142.514
Portugal,Germany,Animal,4586.7620000000015
Portugal,Denmark,Animal,3766.1929999999998
Portugal,Dominican Republic,Animal,361.86699999999996
Portugal,Spain,Animal,59071.46800000001
Portugal,France,Animal,19422.453
Portugal,United Kingdom,Animal,12171.078000000001
Portugal,Guinea-Bissau,Animal,167.729
Portugal,Greece,Animal,883.2510000000001
Portugal,Greenland,Animal,4.845
Portugal,"Hong Kong, China",Animal,87.40799999999999
Portugal,Indonesia,Animal,6.941
Portugal,Ireland,Animal,29.037
Portugal,Israel,Animal,10.279000000000002
Portugal,Italy,Animal,20358.473
Portugal,Jordan,Animal,637.307
Portugal,Japan,Animal,13015.21
Portugal,"Korea, Rep.",Animal,1.386
Portugal,Lebanon,Animal,2.0909999999999997
Portugal,Macao,Animal,99.863
Portugal,Morocco,Animal,53.21
Portugal,Mexico,Animal,90.133
Portugal,Malta,Animal,12.344000000000001
Portugal,Mozambique,Animal,236.628
Portugal,Netherlands,Animal,5537.807000000002
Portugal,Norway,Animal,133.407
Portugal,Papua New Guinea,Animal,1.034
Portugal,Saudi Arabia,Animal,29.948
Portugal,Saint Pierre and Miquelon,Animal,2.035
Portugal,Sao Tome and Principe,Animal,35.23
Portugal,Sweden,Animal,857.9630000000002
Portugal,Unspecified,Animal,21.522
Portugal,United States,Animal,8724.652
Portugal, World,Animal,177580.18
Portugal,South Africa,Animal,614.465
Paraguay,Angola,Animal,11.719000000000001
Paraguay,Argentina,Animal,114.699
Paraguay,Bolivia,Animal,8.1
Paraguay,Brazil,Animal,85639.067
Paraguay,Switzerland,Animal,712.628
Paraguay,Chile,Animal,1820.378
Paraguay,Colombia,Animal,390.0
Paraguay,Cape Verde,Animal,4.084
Paraguay,Germany,Animal,372.812
Paraguay,Spain,Animal,3929.446
Paraguay,France,Animal,148.763
Paraguay,Gabon,Animal,1.794
Paraguay,United Kingdom,Animal,424.489
Paraguay,Ireland,Animal,34.1
Paraguay,Israel,Animal,731.0
Paraguay,Italy,Animal,289.392
Paraguay,Netherlands,Animal,1513.5729999999999
Paraguay,Saudi Arabia,Animal,322.24
Paraguay,Unspecified,Animal,1.057
Paraguay,Uruguay,Animal,1.909
Paraguay,United States,Animal,102.668
Paraguay, World,Animal,96576.396
Romania,United Arab Emirates,Animal,1004.0
Romania,Australia,Animal,488.0
Romania,Austria,Animal,11970.0
Romania,Belgium-Luxembourg,Animal,254.0
Romania,Canada,Animal,480.0
Romania,Switzerland,Animal,2318.0
Romania,Cyprus,Animal,872.0
Romania,Germany,Animal,14982.0
Romania,Denmark,Animal,153.0
Romania,Algeria,Animal,63.0
Romania,"Egypt, Arab Rep.",Animal,3787.0
Romania,Spain,Animal,3847.0
Romania,France,Animal,11417.0
Romania,United Kingdom,Animal,3053.0
Romania,Greece,Animal,2730.0
Romania,Iraq,Animal,9.0
Romania,Italy,Animal,15443.0
Romania,Jordan,Animal,25663.0
Romania,Japan,Animal,112.0
Romania,Kuwait,Animal,2928.0
Romania,Lebanon,Animal,2553.0
Romania,Malta,Animal,28.0
Romania,Nigeria,Animal,904.0
Romania,Netherlands,Animal,9597.0
Romania,Portugal,Animal,454.0
Romania,Qatar,Animal,29.0
Romania,Saudi Arabia,Animal,198.0
Romania,Soviet Union,Animal,55845.0
Romania,Sweden,Animal,14.0
Romania,Turkey,Animal,327.0
Romania,United States,Animal,61.0
Romania, World,Animal,172881.0
Romania,"Yugoslavia,FR(Serbia/Montenegr",Animal,1298.0
Singapore,United Arab Emirates,Animal,1048.213
Singapore,Australia,Animal,16364.582
Singapore,Austria,Animal,407.394
Singapore,Bangladesh,Animal,23751.696
Singapore,Bulgaria,Animal,0.539
Singapore,Bahrain,Animal,461.715
Singapore,Belgium-Luxembourg,Animal,4959.978999999998
Singapore,Brazil,Animal,1.538
Singapore,Brunei,Animal,22671.642000000003
Singapore,Canada,Animal,4449.222
Singapore,Switzerland,Animal,1221.219
Singapore,China,Animal,4099.016000000001
Singapore,Czechoslovakia,Animal,1.2309999999999999
Singapore,Cyprus,Animal,16.840999999999998
Singapore,German Democratic Republic,Animal,0.774
Singapore,Germany,Animal,8529.1
Singapore,Denmark,Animal,653.4480000000002
Singapore,"Egypt, Arab Rep.",Animal,517.5260000000002
Singapore,Spain,Animal,2165.963
Singapore,Finland,Animal,225.447
Singapore,Fiji,Animal,0.5670000000000001
Singapore,France,Animal,5219.914000000001
Singapore,United Kingdom,Animal,8121.910000000002
Singapore,Ghana,Animal,13.183
Singapore,Greece,Animal,201.201
Singapore,"Hong Kong, China",Animal,52252.098
Singapore,Honduras,Animal,135.319
Singapore,India,Animal,432.266
Singapore,Ireland,Animal,10.855
Singapore,"Iran, Islamic Rep.",Animal,1.265
Singapore,Iraq,Animal,3.677
Singapore,Israel,Animal,373.594
Singapore,Italy,Animal,8941.886
Singapore,Jordan,Animal,321.592
Singapore,Japan,Animal,138236.205
Singapore,Kenya,Animal,22.622
Singapore,"Korea, Rep.",Animal,10443.636
Singapore,Kuwait,Animal,1531.813
Singapore,Lebanon,Animal,361.532
Singapore,Liberia,Animal,5.033
Singapore,Libya,Animal,80.258
Singapore,Sri Lanka,Animal,4647.937
Singapore,Madagascar,Animal,421.784
Singapore,Maldives,Animal,2455.289
Singapore,Mexico,Animal,78.616
Singapore,Malta,Animal,99.402
Singapore,Myanmar,Animal,2378.94
Singapore,Mauritius,Animal,1464.029
Singapore,Malaysia,Animal,29267.792
Singapore,New Caledonia,Animal,13.288
Singapore,Nigeria,Animal,298.535
Singapore,Netherlands,Animal,11448.642
Singapore,Norway,Animal,202.269
Singapore,Nepal,Animal,105.34199999999998
Singapore,New Zealand,Animal,1551.733
Singapore,Oman,Animal,2940.794000000001
Singapore,Pakistan,Animal,2596.48
Singapore,Panama,Animal,164.146
Singapore,Philippines,Animal,4242.655
Singapore,Papua New Guinea,Animal,42.309
Singapore,Poland,Animal,2.9810000000000003
Singapore,"Korea, Dem. Rep.",Animal,17.095
Singapore,Portugal,Animal,234.483
Singapore,French Polynesia,Animal,1111.631
Singapore,Qatar,Animal,184.155
Singapore,Reunion,Animal,336.216
Singapore,Saudi Arabia,Animal,12767.406
Singapore,Solomon Islands,Animal,8.177
Singapore,Soviet Union,Animal,489.37300000000005
Singapore,Sweden,Animal,1400.921
Singapore,Seychelles,Animal,831.0529999999999
Singapore,Thailand,Animal,12569.401000000002
Singapore,Trinidad and Tobago,Animal,1059.907
Singapore,Turkey,Animal,282.136
Singapore,Unspecified,Animal,4512.847
Singapore,United States,Animal,60292.456
Singapore,Us Msc.Pac.I,Animal,2.051
Singapore, World,Animal,509610.13200000004
Singapore,Yemen Democratic,Animal,560.9069999999998
Singapore,Yemen,Animal,86.96700000000001
Singapore,"Yugoslavia,FR(Serbia/Montenegr",Animal,154.994
Thailand,United Arab Emirates,Animal,228.474
Thailand,Fr. So. Ant. Tr,Animal,26.415
Thailand,Australia,Animal,28545.72
Thailand,Austria,Animal,495.485
Thailand,Bangladesh,Animal,53.111
Thailand,Bahrain,Animal,4.147
Thailand,Belgium-Luxembourg,Animal,3275.4279999999994
Thailand,Brunei,Animal,97.348
Thailand,Canada,Animal,6702.314
Thailand,Switzerland,Animal,2985.806
Thailand,China,Animal,1977.711
Thailand,Colombia,Animal,16.154
Thailand,Cyprus,Animal,159.06
Thailand,Germany,Animal,25617.583
Thailand,Denmark,Animal,571.4200000000002
Thailand,Spain,Animal,5163.646
Thailand,Finland,Animal,120.02600000000001
Thailand,France,Animal,19087.444
Thailand,Gabon,Animal,112.12
Thailand,United Kingdom,Animal,12889.482
Thailand,Greece,Animal,1756.3270000000002
Thailand,"Hong Kong, China",Animal,46634.165
Thailand,Indonesia,Animal,27.894000000000002
Thailand,India,Animal,1.321
Thailand,Israel,Animal,2.5660000000000003
Thailand,Italy,Animal,64237.193
Thailand,Jordan,Animal,236.84000000000003
Thailand,Japan,Animal,859042.9770000001
Thailand,Kenya,Animal,14.754000000000001
Thailand,"Korea, Rep.",Animal,1977.4160000000002
Thailand,Kuwait,Animal,2477.371
Thailand,Lao PDR,Animal,2089.514
Thailand,Sri Lanka,Animal,7897.438
Thailand,Macao,Animal,9.09
Thailand,Mexico,Animal,1.045
Thailand,Malta,Animal,1.109
Thailand,Myanmar,Animal,123.92399999999999
Thailand,Mozambique,Animal,226.351
Thailand,Mauritania,Animal,0.924
Thailand,Malaysia,Animal,31259.826
Thailand,Netherlands,Animal,6814.920999999999
Thailand,Norway,Animal,140.30200000000002
Thailand,New Zealand,Animal,2371.3
Thailand,Oman,Animal,3.082
Thailand,Pakistan,Animal,0.579
Thailand,Panama,Animal,40.357
Thailand,Philippines,Animal,828.7330000000002
Thailand,Papua New Guinea,Animal,14.839
Thailand,"Korea, Dem. Rep.",Animal,20.369
Thailand,Portugal,Animal,33.77500000000001
Thailand,Qatar,Animal,2.1
Thailand,Reunion,Animal,6.266
Thailand,Saudi Arabia,Animal,776.3960000000001
Thailand,Singapore,Animal,65078.375
Thailand,Soviet Union,Animal,112.31200000000001
Thailand,Sweden,Animal,672.6089999999999
Thailand,Syrian Arab Republic,Animal,1.61
Thailand,Unspecified,Animal,242.17300000000003
Thailand,United States,Animal,163865.96
Thailand,Vietnam,Animal,432.50300000000004
Thailand, World,Animal,1376064.697
Thailand,South Africa,Animal,0.7659999999999999
Turkey,Afghanistan,Animal,15.75
Turkey,United Arab Emirates,Animal,12308.453000000001
Turkey,Australia,Animal,57.042
Turkey,Austria,Animal,2620.449
Turkey,Bulgaria,Animal,9.741
Turkey,Bahrain,Animal,632.534
Turkey,Belgium-Luxembourg,Animal,469.64099999999996
Turkey,Canada,Animal,69.88600000000001
Turkey,Switzerland,Animal,4032.216
Turkey,China,Animal,145.19
Turkey,Cyprus,Animal,946.5419999999999
Turkey,German Democratic Republic,Animal,1.6
Turkey,Germany,Animal,25086.646
Turkey,Denmark,Animal,9835.803000000002
Turkey,Algeria,Animal,224.174
Turkey,Spain,Animal,7370.089
Turkey,Finland,Animal,31.081
Turkey,France,Animal,11070.697
Turkey,United Kingdom,Animal,564.355
Turkey,Greece,Animal,6253.219
Turkey,"Hong Kong, China",Animal,25.118000000000002
Turkey,Hungary,Animal,8.179
Turkey,India,Animal,20.449
Turkey,"Iran, Islamic Rep.",Animal,3018.9770000000003
Turkey,Iraq,Animal,12418.503
Turkey,Israel,Animal,31.703000000000003
Turkey,Italy,Animal,16889.889
Turkey,Jordan,Animal,3913.21
Turkey,Japan,Animal,11096.411
Turkey,"Korea, Rep.",Animal,6.0
Turkey,Kuwait,Animal,56694.97500000001
Turkey,Lebanon,Animal,10112.597
Turkey,Libya,Animal,526.896
Turkey,Morocco,Animal,77.25399999999999
Turkey,Netherlands,Animal,906.928
Turkey,Poland,Animal,36.6
Turkey,"Korea, Dem. Rep.",Animal,2.0
Turkey,Portugal,Animal,28.714000000000002
Turkey,Qatar,Animal,4464.5
Turkey,Saudi Arabia,Animal,158577.60900000005
Turkey,Singapore,Animal,55.703
Turkey,Soviet Union,Animal,1.093
Turkey,Sweden,Animal,212.37599999999998
Turkey,Syrian Arab Republic,Animal,33370.708999999995
Turkey,Thailand,Animal,220.0
Turkey,Unspecified,Animal,12.368
Turkey,United States,Animal,1637.669
Turkey, World,Animal,396156.10799999995
Turkey,Yemen,Animal,8.456
Turkey,"Yugoslavia,FR(Serbia/Montenegr",Animal,33.001999999999995
Turkey,"Congo, Dem. Rep.",Animal,3.112
 World,Aruba,Animal,169.107
 World,Afghanistan,Animal,468.798
 World,Angola,Animal,27513.615999999995
 World,Anguila,Animal,65.842
 World,Albania,Animal,1203.01
 World,Andorra,Animal,33730.5
 World,Netherlands Antilles,Animal,4371.103999999998
 World,United Arab Emirates,Animal,185658.242
 World,Argentina,Animal,2088.390000000001
 World,Fr. So. Ant. Tr,Animal,704.586
 World,Antigua and Barbuda,Animal,896.9689999999998
 World,Australia,Animal,298719.9560000001
 World,Austria,Animal,121785.069
 World,Burundi,Animal,127.6
 World,Benin,Animal,363.96
 World,Burkina Faso,Animal,258.702
 World,Bangladesh,Animal,55193.22200000001
 World,Bulgaria,Animal,31065.004000000008
 World,Bahrain,Animal,36924.774
 World,"Bahamas, The",Animal,3275.795
 World,Belgium-Luxembourg,Animal,677260.2820000001
 World,Belize,Animal,2066.685
 World,Bermuda,Animal,5095.451999999998
 World,Bolivia,Animal,2648.263
 World,Brazil,Animal,162972.67599999998
 World,Barbados,Animal,11906.454
 World,Brunei,Animal,33066.62500000001
 World,Bhutan,Animal,85.786
 World,Central African Republic,Animal,2259.504
 World,Canada,Animal,248036.7620000001
 World,Cocos (Keeling) Islands,Animal,19.47
 World,Switzerland,Animal,212577.3910000001
 World,Chile,Animal,17085.949999999993
 World,China,Animal,55309.624
 World,Cote d'Ivoire,Animal,23345.53
 World,Cameroon,Animal,551.313
 World,"Congo, Rep.",Animal,975.671
 World,Cook Islands,Animal,1492.777
 World,Colombia,Animal,5690.731000000002
 World,Comoros,Animal,1087.667
 World,Cape Verde,Animal,891.7359999999999
 World,Costa Rica,Animal,279.98
 World,Czechoslovakia,Animal,13408.350000000002
 World,Cuba,Animal,33019.522000000004
 World,Christmas Island,Animal,62.38800000000001
 World,Cayman Islands,Animal,1667.608
 World,Cyprus,Animal,12874.257
 World,German Democratic Republic,Animal,87985.82400000001
 World,Germany,Animal,1191744.2860000005
 World,Djibouti,Animal,1924.84
 World,Dominica,Animal,153.095
 World,Denmark,Animal,259207.528
 World,Dominican Republic,Animal,29517.338999999996
 World,Algeria,Animal,45970.077000000005
 World,Ecuador,Animal,1543.6470000000002
 World,"Egypt, Arab Rep.",Animal,115164.19499999993
 World,Spain,Animal,533962.3699999999
 World,Ethiopia(includes Eritrea),Animal,4131.821
 World,Finland,Animal,41702.166
 World,Fiji,Animal,19496.736
 World,France,Animal,1967482.067
 World,Faeroe Islands,Animal,11625.712
 World,Gabon,Animal,2802.0690000000004
 World,United Kingdom,Animal,2060092.4720000003
 World,Ghana,Animal,3662.185
 World,Gibraltar,Animal,2657.4060000000004
 World,Guinea,Animal,2772.036
 World,Guadeloupe,Animal,3781.5429999999997
 World,"Gambia, The",Animal,1329.0200000000002
 World,Guinea-Bissau,Animal,252.878
 World,Equatorial Guinea,Animal,761.32
 World,Greece,Animal,517644.854
 World,Grenada,Animal,1487.004
 World,Greenland,Animal,8814.674
 World,Guatemala,Animal,6621.919999999999
 World,French Guiana,Animal,545.396
 World,Guyana,Animal,1990.798
 World,"Hong Kong, China",Animal,390311.39499999984
 World,Honduras,Animal,3950.869
 World,Haiti,Animal,9139.556999999999
 World,Hungary,Animal,12124.414
 World,Indonesia,Animal,57047.873
 World,India,Animal,15403.624
 World,Ireland,Animal,18083.44
 World,"Iran, Islamic Rep.",Animal,190201.889
 World,Iraq,Animal,69897.72200000001
 World,Iceland,Animal,1397.6059999999998
 World,Israel,Animal,22792.091
 World,Italy,Animal,3661257.171000001
 World,Jamaica,Animal,31855.755
 World,Jordan,Animal,57236.304000000004
 World,Japan,Animal,6186203.242999999
 World,Kenya,Animal,1766.8879999999995
 World,Cambodia,Animal,277.79900000000004
 World,Kiribati,Animal,502.809
 World,St. Kitts and Nevis,Animal,343.454
 World,"Korea, Rep.",Animal,272874.17
 World,Kuwait,Animal,173655.91200000007
 World,Lao PDR,Animal,2149.883
 World,Lebanon,Animal,35996.15400000002
 World,Liberia,Animal,5332.186
 World,Libya,Animal,55092.11
 World,St. Lucia,Animal,1058.335
 World,Sri Lanka,Animal,54459.87300000001
 World,Macao,Animal,1286.86
 World,Morocco,Animal,12574.371000000001
 World,Madagascar,Animal,590.245
 World,Maldives,Animal,3194.73
 World,Mexico,Animal,240490.704
 World,Mali,Animal,702.8820000000002
 World,Malta,Animal,13586.684999999996
 World,Myanmar,Animal,2549.698999999999
 World,Mongolia,Animal,126.787
 World,Mozambique,Animal,2838.3920000000007
 World,Mauritania,Animal,8153.116
 World,Montserrat,Animal,31.125
 World,Martinique,Animal,4196.918
 World,Mauritius,Animal,18191.554
 World,Malawi,Animal,501.064
 World,Malaysia,Animal,293434.088
 World,New Caledonia,Animal,13074.628999999999
 World,Niger,Animal,3363.454
 World,Norfolk Island,Animal,550.1949999999998
 World,Nigeria,Animal,17811.308999999994
 World,Nicaragua,Animal,1663.118
 World,Niue,Animal,156.636
 World,Netherlands,Animal,1187260.4709999994
 World,Norway,Animal,48043.072
 World,Nepal,Animal,812.1360000000001
 World,Nauru,Animal,1192.154
 World,New Zealand,Animal,36833.212000000014
 World,Oman,Animal,41305.13
 World,Pakistan,Animal,8449.401999999998
 World,Panama,Animal,15343.345
 World,Pacific Islands,Animal,4248.067999999998
 World,Peru,Animal,24290.314
 World,Philippines,Animal,215199.88100000005
 World,Papua New Guinea,Animal,52449.399000000005
 World,Poland,Animal,129386.476
 World,"Korea, Dem. Rep.",Animal,4663.694
 World,Portugal,Animal,291937.702
 World,Paraguay,Animal,665.5930000000002
 World,French Polynesia,Animal,22332.975
 World,Qatar,Animal,24699.01
 World,Reunion,Animal,4561.764
 World,Romania,Animal,28767.132
 World,Rwanda,Animal,224.07200000000003
 World,Saudi Arabia,Animal,567758.9519999999
 World,Fm Sudan,Animal,4669.963
 World,Senegal,Animal,7609.791999999998
 World,Singapore,Animal,523835.8830000002
 World,Solomon Islands,Animal,8283.345
 World,Sierra Leone,Animal,2731.615
 World,El Salvador,Animal,7280.799
 World,Somalia,Animal,3047.2329999999997
 World,Special Categories,Animal,14277.297
 World,Saint Pierre and Miquelon,Animal,1794.0199999999998
 World,Sao Tome and Principe,Animal,112.5
 World,Suriname,Animal,2315.295
 World,Soviet Union,Animal,374110.62299999996
 World,Sweden,Animal,195714.68900000007
 World,Seychelles,Animal,3189.812
 World,Syrian Arab Republic,Animal,37586.016
 World,Turks and Caicos Isl.,Animal,179.27599999999998
 World,Chad,Animal,981.0
 World,Togo,Animal,1543.376
 World,Thailand,Animal,179550.83299999996
 World,Tokelau,Animal,4.611000000000001
 World,Tonga,Animal,3271.387
 World,Trinidad and Tobago,Animal,22321.924
 World,Tunisia,Animal,11705.716
 World,Turkey,Animal,18232.096
 World,Tuvalu,Animal,71.988
 World,Tanzania,Animal,2612.334
 World,Uganda,Animal,2952.77
 World,Unspecified,Animal,43702.342000000004
 World,Uruguay,Animal,5168.721000000001
 World,United States,Animal,4728832.919000002
 World,Us Msc.Pac.I,Animal,49614.624
 World,St. Vincent and the Grenadines,Animal,354.098
 World,Venezuela,Animal,45522.336
 World,British Virgin Islands,Animal,85.675
 World,Vietnam,Animal,2959.373
 World,Vanuatu,Animal,912.313
 World,Wallis and Futura Isl.,Animal,169.93599999999998
 World,Samoa,Animal,3988.11
 World,Yemen Democratic,Animal,23013.186
 World,Yemen,Animal,16963.765
 World,"Yugoslavia,FR(Serbia/Montenegr",Animal,43953.626
 World,South Africa,Animal,27696.509
 World,"Congo, Dem. Rep.",Animal,7508.839999999998
 World,Zambia,Animal,138.709
 World,Zimbabwe,Animal,1515.854
