Reporter Name,Partner Name,Product Group,1990
Australia,Afghanistan,Minerals,22.249000000000002
Australia,United Arab Emirates,Minerals,296.788
Australia,Argentina,Minerals,9.921
Australia,Austria,Minerals,10.902000000000001
Australia,Bangladesh,Minerals,37.659
Australia,Bahrain,Minerals,108.23899999999999
Australia,Belgium-Luxembourg,Minerals,69487.988
Australia,Brazil,Minerals,297.29
Australia,Brunei,Minerals,4.52
Australia,Canada,Minerals,5689.611999999999
Australia,Cocos (Keeling) Islands,Minerals,140.85
Australia,Switzerland,Minerals,5.676
Australia,Chile,Minerals,197.109
Australia,China,Minerals,112037.914
Australia,Christmas Island,Minerals,3.306
Australia,Germany,Minerals,160093.285
Australia,Ecuador,Minerals,17.738
Australia,Spain,Minerals,9908.261
Australia,Finland,Minerals,5390.103
Australia,Fiji,Minerals,162.439
Australia,France,Minerals,76605.18
Australia,United Kingdom,Minerals,92131.19300000001
Australia,Greece,Minerals,200.955
Australia,"Hong Kong, China",Minerals,2741.42
Australia,Indonesia,Minerals,10646.893999999998
Australia,India,Minerals,15463.853000000001
Australia,Iraq,Minerals,91.89299999999999
Australia,Israel,Minerals,219.16299999999998
Australia,Italy,Minerals,67305.86200000001
Australia,Japan,Minerals,1606932.99
Australia,Kenya,Minerals,459.82199999999995
Australia,Kiribati,Minerals,44.776
Australia,"Korea, Rep.",Minerals,262288.38
Australia,Kuwait,Minerals,62.549
Australia,Sri Lanka,Minerals,49.763000000000005
Australia,Mexico,Minerals,4601.183
Australia,Malaysia,Minerals,44033.112
Australia,New Caledonia,Minerals,79.339
Australia,Norfolk Island,Minerals,12.005
Australia,Nigeria,Minerals,1509.26
Australia,Netherlands,Minerals,85252.44300000001
Australia,Nauru,Minerals,41.428999999999995
Australia,New Zealand,Minerals,3919.426
Australia,Pakistan,Minerals,9333.122
Australia,Pacific Islands,Minerals,14.187999999999999
Australia,Philippines,Minerals,45855.670999999995
Australia,Papua New Guinea,Minerals,1735.611
Australia,Poland,Minerals,620.93
Australia,French Polynesia,Minerals,253.67900000000003
Australia,Saudi Arabia,Minerals,432.969
Australia,Singapore,Minerals,5433.598000000001
Australia,Solomon Islands,Minerals,202.553
Australia,Special Categories,Minerals,835228.878
Australia,Soviet Union,Minerals,9769.978000000001
Australia,Sweden,Minerals,37.514
Australia,Syrian Arab Republic,Minerals,21.47
Australia,Thailand,Minerals,4878.022
Australia,Tonga,Minerals,2.7960000000000003
Australia,Turkey,Minerals,1007.08
Australia,Tanzania,Minerals,14.796
Australia,Unspecified,Minerals,65.90299999999999
Australia,United States,Minerals,92805.413
Australia,Us Msc.Pac.I,Minerals,168.851
Australia,Venezuela,Minerals,261.445
Australia,Vanuatu,Minerals,78.609
Australia, World,Minerals,3755794.896
Australia,Samoa,Minerals,1.744
Australia,"Yugoslavia,FR(Serbia/Montenegr",Minerals,2265.98
Australia,South Africa,Minerals,55.266000000000005
Brazil,Angola,Minerals,5.0760000000000005
Brazil,Netherlands Antilles,Minerals,45.636
Brazil,United Arab Emirates,Minerals,8811.997
Brazil,Argentina,Minerals,110702.912
Brazil,Australia,Minerals,13476.555
Brazil,Austria,Minerals,9881.171
Brazil,Bangladesh,Minerals,14.405
Brazil,Bahrain,Minerals,7945.972
Brazil,Belgium-Luxembourg,Minerals,152341.00400000002
Brazil,Bolivia,Minerals,1964.1
Brazil,Canada,Minerals,65319.700999999994
Brazil,Switzerland,Minerals,2409.447
Brazil,Chile,Minerals,2493.407
Brazil,China,Minerals,51560.75
Brazil,Colombia,Minerals,1041.5549999999996
Brazil,Costa Rica,Minerals,290.44599999999997
Brazil,Czechoslovakia,Minerals,42895.9
Brazil,Cuba,Minerals,294.718
Brazil,German Democratic Republic,Minerals,15313.07
Brazil,Germany,Minerals,436551.934
Brazil,Dominican Republic,Minerals,2.3209999999999997
Brazil,Ecuador,Minerals,243.891
Brazil,"Egypt, Arab Rep.",Minerals,28956.363999999998
Brazil,Spain,Minerals,96753.603
Brazil,Finland,Minerals,658.0
Brazil,France,Minerals,119172.55099999999
Brazil,United Kingdom,Minerals,71251.003
Brazil,Gibraltar,Minerals,196.981
Brazil,Guyana,Minerals,16.8
Brazil,"Hong Kong, China",Minerals,41.025
Brazil,Honduras,Minerals,2141.754
Brazil,Hungary,Minerals,720.0
Brazil,Indonesia,Minerals,36697.868
Brazil,India,Minerals,9613.044
Brazil,Ireland,Minerals,1.446
Brazil,"Iran, Islamic Rep.",Minerals,10868.088
Brazil,Israel,Minerals,8.277000000000001
Brazil,Italy,Minerals,194858.4
Brazil,Japan,Minerals,595874.3339999999
Brazil,"Korea, Rep.",Minerals,134938.225
Brazil,Libya,Minerals,21765.773999999998
Brazil,Mexico,Minerals,5332.996
Brazil,Malaysia,Minerals,29951.857999999997
Brazil,Nigeria,Minerals,2466.369
Brazil,Netherlands,Minerals,44112.594000000005
Brazil,New Zealand,Minerals,17.987000000000002
Brazil,Pakistan,Minerals,3377.9240000000004
Brazil,Panama,Minerals,22.195
Brazil,Peru,Minerals,687.385
Brazil,Philippines,Minerals,38567.608
Brazil,Poland,Minerals,29830.749
Brazil,Portugal,Minerals,1770.05
Brazil,Paraguay,Minerals,5833.024
Brazil,Qatar,Minerals,9144.966
Brazil,Romania,Minerals,19381.262
Brazil,Saudi Arabia,Minerals,40577.887
Brazil,Singapore,Minerals,978.794
Brazil,El Salvador,Minerals,0.674
Brazil,Suriname,Minerals,216.31799999999998
Brazil,Soviet Union,Minerals,109.8
Brazil,Sweden,Minerals,10.639000000000001
Brazil,Thailand,Minerals,3801.5640000000003
Brazil,Trinidad and Tobago,Minerals,20820.986
Brazil,Turkey,Minerals,24232.476000000002
Brazil,Unspecified,Minerals,8.314
Brazil,Uruguay,Minerals,2026.975
Brazil,United States,Minerals,157401.72199999998
Brazil,Venezuela,Minerals,48002.441
Brazil,British Virgin Islands,Minerals,102.21
Brazil, World,Minerals,2804062.5760000004
Brazil,"Yugoslavia,FR(Serbia/Montenegr",Minerals,12796.958
Brazil,South Africa,Minerals,1347.1789999999999
Canada,Angola,Minerals,1195.214
Canada,United Arab Emirates,Minerals,2521.218
Canada,Argentina,Minerals,11384.053999999998
Canada,Antigua and Barbuda,Minerals,11.162
Canada,Australia,Minerals,34709.282999999996
Canada,Austria,Minerals,1577.9879999999998
Canada,Burundi,Minerals,86.64399999999999
Canada,Benin,Minerals,4.388
Canada,Bangladesh,Minerals,944.2769999999999
Canada,Bulgaria,Minerals,9093.294
Canada,"Bahamas, The",Minerals,1602.24
Canada,Belgium-Luxembourg,Minerals,209599.41
Canada,Belize,Minerals,3.13
Canada,Bermuda,Minerals,104.204
Canada,Brazil,Minerals,76204.89199999999
Canada,Barbados,Minerals,29.213
Canada,Switzerland,Minerals,3367.222
Canada,Chile,Minerals,21846.363999999998
Canada,China,Minerals,13598.830999999998
Canada,Cameroon,Minerals,65.503
Canada,Colombia,Minerals,8202.988000000001
Canada,Costa Rica,Minerals,11.681
Canada,Czechoslovakia,Minerals,1437.596
Canada,Cuba,Minerals,2166.4610000000002
Canada,Cyprus,Minerals,1.178
Canada,Germany,Minerals,257550.361
Canada,Dominica,Minerals,4.5569999999999995
Canada,Denmark,Minerals,365.35
Canada,Dominican Republic,Minerals,834.0880000000001
Canada,Algeria,Minerals,13328.788999999999
Canada,Ecuador,Minerals,157.255
Canada,"Egypt, Arab Rep.",Minerals,4609.221
Canada,Spain,Minerals,116223.836
Canada,Finland,Minerals,17908.75
Canada,France,Minerals,133341.712
Canada,United Kingdom,Minerals,217886.982
Canada,Guadeloupe,Minerals,239.703
Canada,Greece,Minerals,13404.182
Canada,Grenada,Minerals,3.72
Canada,Greenland,Minerals,145.078
Canada,Guatemala,Minerals,7.814
Canada,Guyana,Minerals,41.641000000000005
Canada,"Hong Kong, China",Minerals,104.071
Canada,Honduras,Minerals,1.885
Canada,Haiti,Minerals,5.381
Canada,Hungary,Minerals,38.85
Canada,Indonesia,Minerals,32948.623999999996
Canada,India,Minerals,44978.812000000005
Canada,Ireland,Minerals,4102.492
Canada,"Iran, Islamic Rep.",Minerals,21572.856
Canada,Israel,Minerals,25068.037999999997
Canada,Italy,Minerals,124206.724
Canada,Jamaica,Minerals,12.265
Canada,Jordan,Minerals,6.976
Canada,Japan,Minerals,883937.6159999999
Canada,Kenya,Minerals,8.012
Canada,St. Kitts and Nevis,Minerals,53.086000000000006
Canada,"Korea, Rep.",Minerals,173551.73200000002
Canada,Kuwait,Minerals,5.745
Canada,St. Lucia,Minerals,17.594
Canada,Sri Lanka,Minerals,5581.259
Canada,Morocco,Minerals,89628.92
Canada,Mexico,Minerals,38431.396
Canada,Myanmar,Minerals,526.02
Canada,Malaysia,Minerals,23094.029
Canada,Nigeria,Minerals,6153.901999999999
Canada,Netherlands,Minerals,88715.17800000001
Canada,Norway,Minerals,7202.746
Canada,New Zealand,Minerals,14993.71
Canada,Oman,Minerals,3.9130000000000003
Canada,Pakistan,Minerals,1836.934
Canada,Panama,Minerals,100.725
Canada,Peru,Minerals,524.716
Canada,Philippines,Minerals,38596.246
Canada,Poland,Minerals,595.431
Canada,Portugal,Minerals,12960.788999999999
Canada,Romania,Minerals,899.194
Canada,Saudi Arabia,Minerals,360.787
Canada,Senegal,Minerals,3414.763
Canada,Singapore,Minerals,345.5420000000001
Canada,El Salvador,Minerals,799.074
Canada,Saint Pierre and Miquelon,Minerals,182.43400000000003
Canada,Soviet Union,Minerals,19403.629
Canada,Sweden,Minerals,18914.023
Canada,Syrian Arab Republic,Minerals,10.664000000000001
Canada,Thailand,Minerals,40445.336
Canada,Trinidad and Tobago,Minerals,192.817
Canada,Tunisia,Minerals,31011.327999999998
Canada,Turkey,Minerals,3847.89
Canada,Unspecified,Minerals,3.5669999999999997
Canada,Uruguay,Minerals,1590.746
Canada,United States,Minerals,1056475.04
Canada,St. Vincent and the Grenadines,Minerals,6.572
Canada,Venezuela,Minerals,440.032
Canada, World,Minerals,4041734.272
Canada,"Yugoslavia,FR(Serbia/Montenegr",Minerals,4349.39
Canada,South Africa,Minerals,23914.316000000003
Canada,"Congo, Dem. Rep.",Minerals,124.64200000000001
Switzerland,Albania,Minerals,1.797
Switzerland,United Arab Emirates,Minerals,1.35
Switzerland,Argentina,Minerals,41.773
Switzerland,Australia,Minerals,7.829
Switzerland,Austria,Minerals,1012.7819999999999
Switzerland,Bangladesh,Minerals,130.085
Switzerland,Bulgaria,Minerals,3.464
Switzerland,Belgium-Luxembourg,Minerals,1154.149
Switzerland,Brazil,Minerals,10.285
Switzerland,Central African Republic,Minerals,0.733
Switzerland,Canada,Minerals,10.74
Switzerland,Chile,Minerals,0.882
Switzerland,China,Minerals,23.55
Switzerland,Colombia,Minerals,8.367
Switzerland,Costa Rica,Minerals,1.047
Switzerland,Czechoslovakia,Minerals,30.766
Switzerland,Cuba,Minerals,19.828
Switzerland,Cyprus,Minerals,0.534
Switzerland,German Democratic Republic,Minerals,104.821
Switzerland,Germany,Minerals,21855.092999999997
Switzerland,Denmark,Minerals,51.873999999999995
Switzerland,Ecuador,Minerals,23.491999999999997
Switzerland,"Egypt, Arab Rep.",Minerals,11.094000000000001
Switzerland,Spain,Minerals,741.289
Switzerland,Finland,Minerals,16.533
Switzerland,France,Minerals,2969.5159999999996
Switzerland,Gabon,Minerals,21.684
Switzerland,United Kingdom,Minerals,144.089
Switzerland,Ghana,Minerals,7.456
Switzerland,Greece,Minerals,26.897
Switzerland,French Guiana,Minerals,3.113
Switzerland,Guyana,Minerals,0.516
Switzerland,"Hong Kong, China",Minerals,12.924000000000001
Switzerland,Hungary,Minerals,27.061
Switzerland,Indonesia,Minerals,8.706
Switzerland,India,Minerals,338.8760000000001
Switzerland,"Iran, Islamic Rep.",Minerals,44.555
Switzerland,Iraq,Minerals,62.626999999999995
Switzerland,Israel,Minerals,30.344
Switzerland,Italy,Minerals,11931.608999999999
Switzerland,Japan,Minerals,131.861
Switzerland,Kenya,Minerals,1.17
Switzerland,"Korea, Rep.",Minerals,7.394
Switzerland,Lebanon,Minerals,0.632
Switzerland,Liberia,Minerals,6.664
Switzerland,Libya,Minerals,13.211
Switzerland,Morocco,Minerals,1.399
Switzerland,Mexico,Minerals,4.378
Switzerland,Myanmar,Minerals,21.803
Switzerland,Mauritius,Minerals,2.02
Switzerland,Malaysia,Minerals,11.472000000000001
Switzerland,Niger,Minerals,15.841
Switzerland,Netherlands,Minerals,264.14599999999996
Switzerland,Norway,Minerals,127.68799999999999
Switzerland,Oman,Minerals,0.625
Switzerland,Pakistan,Minerals,41.782
Switzerland,Peru,Minerals,10.124
Switzerland,Philippines,Minerals,357.32199999999995
Switzerland,Poland,Minerals,2.4819999999999998
Switzerland,Portugal,Minerals,202.99
Switzerland,Senegal,Minerals,12.037
Switzerland,Singapore,Minerals,14.674000000000001
Switzerland,Soviet Union,Minerals,115.22
Switzerland,Sweden,Minerals,11.182
Switzerland,Syrian Arab Republic,Minerals,5.956
Switzerland,Thailand,Minerals,30.116999999999997
Switzerland,Trinidad and Tobago,Minerals,0.7040000000000001
Switzerland,Tunisia,Minerals,1.088
Switzerland,Turkey,Minerals,17.878
Switzerland,Tanzania,Minerals,1.318
Switzerland,Unspecified,Minerals,53.573
Switzerland,Uruguay,Minerals,1.084
Switzerland,United States,Minerals,355.771
Switzerland,Venezuela,Minerals,18.137999999999998
Switzerland, World,Minerals,43330.874
Switzerland,"Yugoslavia,FR(Serbia/Montenegr",Minerals,439.133
Switzerland,South Africa,Minerals,45.863
Chile,United Arab Emirates,Minerals,72.11
Chile,Argentina,Minerals,3954.11
Chile,Australia,Minerals,73.22399999999998
Chile,Belgium-Luxembourg,Minerals,16519.611
Chile,Bolivia,Minerals,32.93
Chile,Brazil,Minerals,183469.45899999997
Chile,Canada,Minerals,3944.184
Chile,China,Minerals,8921.029
Chile,Colombia,Minerals,462.279
Chile,Costa Rica,Minerals,13.148
Chile,Germany,Minerals,79990.8
Chile,Ecuador,Minerals,22.191
Chile,Spain,Minerals,82839.09599999999
Chile,Finland,Minerals,6000.533
Chile,France,Minerals,7798.851
Chile,United Kingdom,Minerals,25851.292
Chile,Greece,Minerals,1615.2820000000002
Chile,Guatemala,Minerals,7.104
Chile,India,Minerals,1809.8310000000001
Chile,Italy,Minerals,2.069
Chile,Japan,Minerals,308675.521
Chile,"Korea, Rep.",Minerals,58194.292
Chile,Lebanon,Minerals,126.494
Chile,Mexico,Minerals,9636.479
Chile,Netherlands,Minerals,10128.149
Chile,New Zealand,Minerals,4.635
Chile,Peru,Minerals,138.639
Chile,Philippines,Minerals,27007.106
Chile,Papua New Guinea,Minerals,19.322
Chile,Paraguay,Minerals,64.558
Chile,French Polynesia,Minerals,2291.104
Chile,Singapore,Minerals,38.169000000000004
Chile,Sweden,Minerals,10019.744
Chile,Tanzania,Minerals,20.616999999999997
Chile,Unspecified,Minerals,1.6440000000000001
Chile,Uruguay,Minerals,5908.371
Chile,United States,Minerals,23984.14
Chile,Venezuela,Minerals,20.756999999999998
Chile, World,Minerals,879738.6159999999
Chile,South Africa,Minerals,59.763000000000005
Cyprus,Australia,Minerals,8.481
Cyprus,Bahrain,Minerals,0.625
Cyprus,Belgium-Luxembourg,Minerals,65.755
Cyprus,Canada,Minerals,18.826
Cyprus,Cameroon,Minerals,3065.61
Cyprus,Germany,Minerals,29.186
Cyprus,Denmark,Minerals,53.383
Cyprus,"Egypt, Arab Rep.",Minerals,2144.875
Cyprus,Spain,Minerals,5780.666
Cyprus,United Kingdom,Minerals,742.677
Cyprus,Ghana,Minerals,1953.75
Cyprus,Greece,Minerals,8.615
Cyprus,"Hong Kong, China",Minerals,4.3580000000000005
Cyprus,Indonesia,Minerals,7.568
Cyprus,Israel,Minerals,2872.422
Cyprus,Italy,Minerals,2269.236
Cyprus,Japan,Minerals,20.506
Cyprus,Lebanon,Minerals,350.626
Cyprus,Morocco,Minerals,0.758
Cyprus,Netherlands,Minerals,77.944
Cyprus,New Zealand,Minerals,2.279
Cyprus,Pakistan,Minerals,18.359
Cyprus,Portugal,Minerals,26.699
Cyprus,Saudi Arabia,Minerals,2.501
Cyprus,Soviet Union,Minerals,3.05
Cyprus,Syrian Arab Republic,Minerals,2.946
Cyprus,Unspecified,Minerals,2.589
Cyprus,United States,Minerals,692.547
Cyprus, World,Minerals,20226.836
Germany,Angola,Minerals,96.0
Germany,Albania,Minerals,71.0
Germany,Andorra,Minerals,1.0
Germany,Netherlands Antilles,Minerals,119.0
Germany,United Arab Emirates,Minerals,1674.0
Germany,Argentina,Minerals,811.0
Germany,Australia,Minerals,1769.0
Germany,Austria,Minerals,58039.0
Germany,Burundi,Minerals,6.0
Germany,Benin,Minerals,56.0
Germany,Burkina Faso,Minerals,184.0
Germany,Bangladesh,Minerals,98.0
Germany,Bulgaria,Minerals,678.0
Germany,Bahrain,Minerals,44.0
Germany,"Bahamas, The",Minerals,1.0
Germany,Belgium-Luxembourg,Minerals,130423.0
Germany,Bolivia,Minerals,17.0
Germany,Brazil,Minerals,678.0
Germany,Brunei,Minerals,8.0
Germany,Central African Republic,Minerals,1.0
Germany,Canada,Minerals,1105.0
Germany,Switzerland,Minerals,79368.0
Germany,Chile,Minerals,309.0
Germany,China,Minerals,545.0
Germany,Cote d'Ivoire,Minerals,322.0
Germany,Cameroon,Minerals,57.0
Germany,"Congo, Rep.",Minerals,1602.0
Germany,Colombia,Minerals,119.0
Germany,Cape Verde,Minerals,1.0
Germany,Costa Rica,Minerals,41.0
Germany,Czechoslovakia,Minerals,6329.0
Germany,Cuba,Minerals,250.0
Germany,Cyprus,Minerals,138.0
Germany,Denmark,Minerals,26836.0
Germany,Dominican Republic,Minerals,32.0
Germany,Algeria,Minerals,1021.0
Germany,Ecuador,Minerals,83.0
Germany,"Egypt, Arab Rep.",Minerals,4064.0
Germany,Spain,Minerals,26234.0
Germany,Ethiopia(includes Eritrea),Minerals,398.0
Germany,Finland,Minerals,19958.0
Germany,Fiji,Minerals,567.0
Germany,France,Minerals,141710.0
Germany,Gabon,Minerals,1033.0
Germany,United Kingdom,Minerals,69013.0
Germany,Ghana,Minerals,1166.0
Germany,Guinea,Minerals,629.0
Germany,Guadeloupe,Minerals,92.0
Germany,"Gambia, The",Minerals,32.0
Germany,Guinea-Bissau,Minerals,10.0
Germany,Equatorial Guinea,Minerals,6.0
Germany,Greece,Minerals,2003.0
Germany,Guatemala,Minerals,75.0
Germany,French Guiana,Minerals,73.0
Germany,"Hong Kong, China",Minerals,1285.0
Germany,Honduras,Minerals,15.0
Germany,Haiti,Minerals,16.0
Germany,Hungary,Minerals,3463.0
Germany,Indonesia,Minerals,2377.0
Germany,India,Minerals,8732.0
Germany,Ireland,Minerals,2552.0
Germany,"Iran, Islamic Rep.",Minerals,2529.0
Germany,Iraq,Minerals,228.0
Germany,Iceland,Minerals,337.0
Germany,Israel,Minerals,1288.0
Germany,Italy,Minerals,122013.0
Germany,Jamaica,Minerals,19.0
Germany,Jordan,Minerals,20.0
Germany,Japan,Minerals,3149.0
Germany,Kenya,Minerals,345.0
Germany,"Korea, Rep.",Minerals,1756.0
Germany,Kuwait,Minerals,68.0
Germany,Lebanon,Minerals,307.0
Germany,Liberia,Minerals,382.0
Germany,Libya,Minerals,1232.0
Germany,St. Lucia,Minerals,24.0
Germany,Sri Lanka,Minerals,227.0
Germany,Morocco,Minerals,497.0
Germany,Madagascar,Minerals,66.0
Germany,Maldives,Minerals,3.0
Germany,Mexico,Minerals,637.0
Germany,Mali,Minerals,13.0
Germany,Malta,Minerals,65.0
Germany,Myanmar,Minerals,102.0
Germany,Mozambique,Minerals,831.0
Germany,Martinique,Minerals,366.0
Germany,Mauritius,Minerals,9.0
Germany,Malawi,Minerals,20.0
Germany,Malaysia,Minerals,8537.0
Germany,New Caledonia,Minerals,30.0
Germany,Nigeria,Minerals,8999.0
Germany,Nicaragua,Minerals,12.0
Germany,Netherlands,Minerals,412744.984
Germany,Norway,Minerals,10671.0
Germany,Nepal,Minerals,4.0
Germany,New Zealand,Minerals,562.0
Germany,Oman,Minerals,62.0
Germany,Pakistan,Minerals,825.0
Germany,Panama,Minerals,157.0
Germany,Peru,Minerals,99.0
Germany,Philippines,Minerals,1822.0
Germany,Papua New Guinea,Minerals,552.0
Germany,Poland,Minerals,3888.0
Germany,"Korea, Dem. Rep.",Minerals,19.0
Germany,Portugal,Minerals,4133.0
Germany,Paraguay,Minerals,123.0
Germany,French Polynesia,Minerals,4.0
Germany,Qatar,Minerals,400.0
Germany,Reunion,Minerals,215.0
Germany,Romania,Minerals,4144.0
Germany,Rwanda,Minerals,9.0
Germany,Saudi Arabia,Minerals,1632.0
Germany,Fm Sudan,Minerals,169.0
Germany,Senegal,Minerals,11.0
Germany,Singapore,Minerals,6733.0
Germany,Solomon Islands,Minerals,305.0
Germany,Sierra Leone,Minerals,253.0
Germany,El Salvador,Minerals,57.0
Germany,Somalia,Minerals,5.0
Germany,Sao Tome and Principe,Minerals,7.0
Germany,Suriname,Minerals,108.0
Germany,Soviet Union,Minerals,2233.0
Germany,Sweden,Minerals,44817.0
Germany,Syrian Arab Republic,Minerals,155.0
Germany,Togo,Minerals,64.0
Germany,Thailand,Minerals,1496.0
Germany,Trinidad and Tobago,Minerals,537.0
Germany,Tunisia,Minerals,166.0
Germany,Turkey,Minerals,4747.0
Germany,Tanzania,Minerals,152.0
Germany,Uganda,Minerals,13.0
Germany,Unspecified,Minerals,0.07999999999999999
Germany,Uruguay,Minerals,223.0
Germany,United States,Minerals,29656.0
Germany,St. Vincent and the Grenadines,Minerals,1.0
Germany,Venezuela,Minerals,2450.0
Germany,Vietnam,Minerals,1.0
Germany, World,Minerals,1307067.0559999999
Germany,Samoa,Minerals,64.0
Germany,Yemen,Minerals,616.0
Germany,"Yugoslavia,FR(Serbia/Montenegr",Minerals,9787.0
Germany,South Africa,Minerals,4882.0
Germany,"Congo, Dem. Rep.",Minerals,429.0
Germany,Zambia,Minerals,11.0
Germany,Zimbabwe,Minerals,56.0
Denmark,United Arab Emirates,Minerals,13.867
Denmark,Australia,Minerals,108.12
Denmark,Austria,Minerals,781.05
Denmark,Bahrain,Minerals,42.513999999999996
Denmark,Belgium-Luxembourg,Minerals,1847.8010000000002
Denmark,Canada,Minerals,97.84100000000001
Denmark,Switzerland,Minerals,1554.4
Denmark,Cote d'Ivoire,Minerals,1.25
Denmark,Cape Verde,Minerals,5.767
Denmark,Czechoslovakia,Minerals,9.686
Denmark,Cyprus,Minerals,10.714
Denmark,German Democratic Republic,Minerals,357.645
Denmark,Germany,Minerals,16571.502
Denmark,Algeria,Minerals,8.309
Denmark,"Egypt, Arab Rep.",Minerals,2.424
Denmark,Spain,Minerals,7.9910000000000005
Denmark,Ethiopia(includes Eritrea),Minerals,0.621
Denmark,Finland,Minerals,12229.862
Denmark,France,Minerals,664.0219999999999
Denmark,Faeroe Islands,Minerals,1110.687
Denmark,United Kingdom,Minerals,6203.410000000002
Denmark,Greece,Minerals,208.528
Denmark,Greenland,Minerals,1102.942
Denmark,"Hong Kong, China",Minerals,8.479
Denmark,Indonesia,Minerals,19.612000000000002
Denmark,India,Minerals,2.015
Denmark,Ireland,Minerals,25.176
Denmark,Iraq,Minerals,10.600999999999999
Denmark,Iceland,Minerals,367.643
Denmark,Israel,Minerals,119.595
Denmark,Italy,Minerals,354.256
Denmark,Jordan,Minerals,1.9480000000000002
Denmark,Japan,Minerals,580.837
Denmark,Kenya,Minerals,20.869
Denmark,"Korea, Rep.",Minerals,145.82399999999998
Denmark,Kuwait,Minerals,1.535
Denmark,Liberia,Minerals,1.683
Denmark,Madagascar,Minerals,6.489
Denmark,Malta,Minerals,9.088
Denmark,Malaysia,Minerals,39.545
Denmark,Niger,Minerals,2.428
Denmark,Nigeria,Minerals,3.595
Denmark,Netherlands,Minerals,4034.698
Denmark,Norway,Minerals,9159.737
Denmark,New Zealand,Minerals,2.844
Denmark,Oman,Minerals,4.499
Denmark,Pakistan,Minerals,1.4140000000000001
Denmark,Peru,Minerals,6.67
Denmark,Papua New Guinea,Minerals,15.88
Denmark,Poland,Minerals,124.853
Denmark,Portugal,Minerals,10.549000000000001
Denmark,Qatar,Minerals,3.75
Denmark,Saudi Arabia,Minerals,19.299
Denmark,Senegal,Minerals,0.667
Denmark,Singapore,Minerals,80.732
Denmark,Sierra Leone,Minerals,9.091000000000001
Denmark,Sweden,Minerals,14145.983
Denmark,Togo,Minerals,98.20100000000001
Denmark,Unspecified,Minerals,38561.808
Denmark,United States,Minerals,266.9
Denmark, World,Minerals,111248.195
Denmark,"Yugoslavia,FR(Serbia/Montenegr",Minerals,36.016999999999996
Spain,Angola,Minerals,39.666
Spain,Andorra,Minerals,7694.217
Spain,United Arab Emirates,Minerals,799.543
Spain,Argentina,Minerals,37.876
Spain,Antigua and Barbuda,Minerals,5.785
Spain,Australia,Minerals,1685.3929999999998
Spain,Austria,Minerals,683.8430000000002
Spain,Benin,Minerals,873.807
Spain,Burkina Faso,Minerals,13.248
Spain,Bulgaria,Minerals,2135.009
Spain,Belgium-Luxembourg,Minerals,36018.128
Spain,Brazil,Minerals,46.47
Spain,Canada,Minerals,3818.111
Spain,Switzerland,Minerals,4334.496
Spain,Chile,Minerals,97.74600000000001
Spain,Cote d'Ivoire,Minerals,1640.52
Spain,Cameroon,Minerals,231.99599999999998
Spain,"Congo, Rep.",Minerals,1016.675
Spain,Colombia,Minerals,50.174
Spain,Costa Rica,Minerals,171.079
Spain,Cuba,Minerals,232.75900000000001
Spain,Cyprus,Minerals,24.065
Spain,German Democratic Republic,Minerals,17.63
Spain,Germany,Minerals,22434.101
Spain,Denmark,Minerals,2927.737
Spain,Dominican Republic,Minerals,288.346
Spain,Algeria,Minerals,25831.81
Spain,"Egypt, Arab Rep.",Minerals,511.398
Spain,Ethiopia(includes Eritrea),Minerals,8.449
Spain,Finland,Minerals,20379.585000000006
Spain,France,Minerals,70114.006
Spain,Faeroe Islands,Minerals,355.67900000000003
Spain,Gabon,Minerals,131.59799999999998
Spain,United Kingdom,Minerals,35561.753
Spain,Ghana,Minerals,834.7610000000001
Spain,Gibraltar,Minerals,5026.101
Spain,Guinea,Minerals,2761.578
Spain,Guadeloupe,Minerals,221.524
Spain,"Gambia, The",Minerals,2.198
Spain,Equatorial Guinea,Minerals,479.662
Spain,Greece,Minerals,1025.468
Spain,Guatemala,Minerals,109.205
Spain,"Hong Kong, China",Minerals,353.61400000000003
Spain,Indonesia,Minerals,87.15
Spain,India,Minerals,2.888
Spain,Ireland,Minerals,2008.904
Spain,"Iran, Islamic Rep.",Minerals,54.684
Spain,Iraq,Minerals,121.56700000000001
Spain,Iceland,Minerals,2112.66
Spain,Israel,Minerals,672.6
Spain,Italy,Minerals,83794.79199999999
Spain,Jordan,Minerals,0.7
Spain,Japan,Minerals,36169.951
Spain,Kenya,Minerals,2012.708
Spain,"Korea, Rep.",Minerals,172.53
Spain,Kuwait,Minerals,259.77
Spain,Lebanon,Minerals,91.867
Spain,Liberia,Minerals,308.908
Spain,Libya,Minerals,885.498
Spain,Sri Lanka,Minerals,2.289
Spain,Morocco,Minerals,3599.1259999999997
Spain,Mexico,Minerals,135.582
Spain,Mali,Minerals,4.702
Spain,Malta,Minerals,302.534
Spain,Mozambique,Minerals,34.46
Spain,Mauritania,Minerals,3214.704
Spain,Martinique,Minerals,65.134
Spain,Malaysia,Minerals,67.447
Spain,New Caledonia,Minerals,17.285
Spain,Nigeria,Minerals,3670.111
Spain,Nicaragua,Minerals,3.8930000000000002
Spain,Netherlands,Minerals,20832.877
Spain,Norway,Minerals,16021.594
Spain,New Zealand,Minerals,63.11
Spain,Pakistan,Minerals,7.361000000000001
Spain,Panama,Minerals,40.328
Spain,Peru,Minerals,3.983
Spain,Poland,Minerals,2795.147
Spain,Portugal,Minerals,15018.166
Spain,Paraguay,Minerals,14.069
Spain,French Polynesia,Minerals,28.451
Spain,Reunion,Minerals,129.912
Spain,Romania,Minerals,3775.163
Spain,Saudi Arabia,Minerals,486.702
Spain,Senegal,Minerals,73.86
Spain,Singapore,Minerals,538.132
Spain,Special Categories,Minerals,94.18299999999999
Spain,Soviet Union,Minerals,44.449
Spain,Sweden,Minerals,5920.935
Spain,Togo,Minerals,2168.862
Spain,Thailand,Minerals,21.557
Spain,Tunisia,Minerals,2399.548
Spain,Turkey,Minerals,221.168
Spain,Unspecified,Minerals,15.882
Spain,Uruguay,Minerals,23.697
Spain,United States,Minerals,50103.651
Spain,Venezuela,Minerals,1020.32
Spain, World,Minerals,523540.75200000004
Spain,"Yugoslavia,FR(Serbia/Montenegr",Minerals,654.135
Spain,South Africa,Minerals,837.5169999999998
Spain,"Congo, Dem. Rep.",Minerals,111.58
Finland,United Arab Emirates,Minerals,19.529
Finland,Australia,Minerals,129.623
Finland,Austria,Minerals,245.55200000000002
Finland,Bulgaria,Minerals,37.528
Finland,Bahrain,Minerals,9.491
Finland,Belgium-Luxembourg,Minerals,2518.203
Finland,Brazil,Minerals,6.5760000000000005
Finland,Canada,Minerals,321.372
Finland,Switzerland,Minerals,217.05700000000002
Finland,Chile,Minerals,6.19
Finland,Cote d'Ivoire,Minerals,3.9160000000000004
Finland,Czechoslovakia,Minerals,312.138
Finland,Cyprus,Minerals,3.0660000000000003
Finland,German Democratic Republic,Minerals,70.25399999999999
Finland,Germany,Minerals,17529.148
Finland,Denmark,Minerals,2208.1020000000008
Finland,Dominican Republic,Minerals,21.943
Finland,"Egypt, Arab Rep.",Minerals,62.766999999999996
Finland,Spain,Minerals,7195.701999999999
Finland,France,Minerals,3837.1740000000004
Finland,United Kingdom,Minerals,6666.2350000000015
Finland,Greece,Minerals,421.533
Finland,Hungary,Minerals,461.38
Finland,Indonesia,Minerals,161.23
Finland,India,Minerals,416.80699999999996
Finland,Ireland,Minerals,106.773
Finland,Israel,Minerals,23.979
Finland,Italy,Minerals,13329.466
Finland,Japan,Minerals,5498.205
Finland,"Korea, Rep.",Minerals,1534.654
Finland,Kuwait,Minerals,39.11
Finland,Lebanon,Minerals,3.945
Finland,Liberia,Minerals,1.255
Finland,Libya,Minerals,1.642
Finland,Sri Lanka,Minerals,3.3139999999999996
Finland,Mozambique,Minerals,12.747
Finland,Malaysia,Minerals,41.176
Finland,Netherlands,Minerals,7690.327999999998
Finland,Norway,Minerals,984.678
Finland,Pakistan,Minerals,3.639
Finland,Philippines,Minerals,148.72
Finland,Poland,Minerals,1012.78
Finland,Portugal,Minerals,398.86800000000005
Finland,Qatar,Minerals,7.631
Finland,Saudi Arabia,Minerals,433.204
Finland,Fm Sudan,Minerals,42.306000000000004
Finland,Singapore,Minerals,32.545
Finland,Special Categories,Minerals,10589.819
Finland,Soviet Union,Minerals,7314.771
Finland,Sweden,Minerals,10825.014
Finland,Thailand,Minerals,158.096
Finland,Turkey,Minerals,12.776
Finland,Unspecified,Minerals,5.221
Finland,Uruguay,Minerals,0.634
Finland,United States,Minerals,192.33900000000003
Finland,Venezuela,Minerals,109.206
Finland,Vietnam,Minerals,8.932
Finland, World,Minerals,104962.448
Finland,"Yugoslavia,FR(Serbia/Montenegr",Minerals,17.401
Greece,Albania,Minerals,111.179
Greece,Netherlands Antilles,Minerals,194.608
Greece,United Arab Emirates,Minerals,352.111
Greece,Argentina,Minerals,37.939
Greece,Australia,Minerals,1373.1629999999998
Greece,Austria,Minerals,2294.715
Greece,Bulgaria,Minerals,202.348
Greece,Belgium-Luxembourg,Minerals,19778.762
Greece,Canada,Minerals,5550.356
Greece,Switzerland,Minerals,311.165
Greece,Cote d'Ivoire,Minerals,2576.901
Greece,Cameroon,Minerals,21.438000000000002
Greece,Cyprus,Minerals,2220.37
Greece,German Democratic Republic,Minerals,3.963
Greece,Germany,Minerals,26066.711000000007
Greece,Djibouti,Minerals,78.729
Greece,Denmark,Minerals,46.957
Greece,Dominican Republic,Minerals,2580.687
Greece,Algeria,Minerals,2433.849
Greece,"Egypt, Arab Rep.",Minerals,3350.4959999999996
Greece,Spain,Minerals,11310.185
Greece,Finland,Minerals,305.1810000000001
Greece,France,Minerals,18615.677
Greece,United Kingdom,Minerals,28351.642999999996
Greece,Ghana,Minerals,1294.4569999999999
Greece,Guinea,Minerals,8.917
Greece,"Hong Kong, China",Minerals,47.023
Greece,Hungary,Minerals,207.109
Greece,Indonesia,Minerals,203.739
Greece,India,Minerals,584.756
Greece,Ireland,Minerals,397.434
Greece,Israel,Minerals,1120.848
Greece,Italy,Minerals,75483.149
Greece,Jordan,Minerals,31.568
Greece,Japan,Minerals,7581.593000000001
Greece,"Korea, Rep.",Minerals,62.474
Greece,Kuwait,Minerals,40.510999999999996
Greece,Lebanon,Minerals,562.998
Greece,Liberia,Minerals,75.165
Greece,Libya,Minerals,2333.303
Greece,Sri Lanka,Minerals,851.828
Greece,Morocco,Minerals,353.97
Greece,Mexico,Minerals,19.29
Greece,Malta,Minerals,166.75
Greece,Mauritius,Minerals,5335.694
Greece,Malawi,Minerals,31.573
Greece,Malaysia,Minerals,1102.406
Greece,Nigeria,Minerals,19933.698
Greece,Netherlands,Minerals,7108.116999999999
Greece,Norway,Minerals,185.215
Greece,Pakistan,Minerals,28.773000000000003
Greece,Panama,Minerals,0.601
Greece,Poland,Minerals,14.292
Greece,"Korea, Dem. Rep.",Minerals,4.746
Greece,Portugal,Minerals,58.622
Greece,Reunion,Minerals,2411.241
Greece,Romania,Minerals,16874.645
Greece,Saudi Arabia,Minerals,759.8389999999999
Greece,Fm Sudan,Minerals,165.27200000000002
Greece,Senegal,Minerals,14.91
Greece,Singapore,Minerals,907.6610000000001
Greece,Soviet Union,Minerals,5394.338000000001
Greece,Sweden,Minerals,1338.142
Greece,Syrian Arab Republic,Minerals,745.19
Greece,Chad,Minerals,1.5430000000000001
Greece,Togo,Minerals,1397.717
Greece,Thailand,Minerals,9100.521999999999
Greece,Tunisia,Minerals,1200.12
Greece,Turkey,Minerals,5867.661999999999
Greece,Unspecified,Minerals,248.463
Greece,United States,Minerals,36847.07900000001
Greece,Venezuela,Minerals,1510.98
Greece, World,Minerals,360499.144
Greece,"Yugoslavia,FR(Serbia/Montenegr",Minerals,21307.125
Greece,South Africa,Minerals,278.808
Indonesia,United Arab Emirates,Minerals,103.19
Indonesia,Australia,Minerals,10069.806
Indonesia,Bangladesh,Minerals,28182.012000000002
Indonesia,Bulgaria,Minerals,9390.0
Indonesia,Brazil,Minerals,7086.539000000001
Indonesia,Canada,Minerals,9460.231
Indonesia,China,Minerals,20511.816000000003
Indonesia,Germany,Minerals,46921.232
Indonesia,Spain,Minerals,19219.292
Indonesia,United Kingdom,Minerals,188.255
Indonesia,"Hong Kong, China",Minerals,12115.399
Indonesia,India,Minerals,28.891
Indonesia,Italy,Minerals,1.339
Indonesia,Jordan,Minerals,35.179
Indonesia,Japan,Minerals,255395.455
Indonesia,Cambodia,Minerals,97.75
Indonesia,"Korea, Rep.",Minerals,44921.927
Indonesia,Sri Lanka,Minerals,5377.236999999999
Indonesia,Mauritania,Minerals,2930.1890000000003
Indonesia,Malaysia,Minerals,3730.342
Indonesia,Netherlands,Minerals,17.5
Indonesia,New Zealand,Minerals,1.858
Indonesia,Oman,Minerals,16.749000000000002
Indonesia,Pakistan,Minerals,126.229
Indonesia,Philippines,Minerals,23903.592
Indonesia,Papua New Guinea,Minerals,809.659
Indonesia,Saudi Arabia,Minerals,46.461000000000006
Indonesia,Singapore,Minerals,29648.107999999997
Indonesia,Thailand,Minerals,9660.881
Indonesia,East Timor,Minerals,90.0
Indonesia,Unspecified,Minerals,3199.85
Indonesia,United States,Minerals,4319.0740000000005
Indonesia,Vietnam,Minerals,8495.571
Indonesia, World,Minerals,570139.808
India,Afghanistan,Minerals,18.87
India,United Arab Emirates,Minerals,5411.143
India,Argentina,Minerals,5.886
India,Australia,Minerals,11637.653
India,Austria,Minerals,715.303
India,Bangladesh,Minerals,10595.839
India,Bulgaria,Minerals,27.953000000000003
India,Bahrain,Minerals,2513.466
India,Belgium-Luxembourg,Minerals,4776.8279999999995
India,Brunei,Minerals,1.213
India,Bhutan,Minerals,3.161
India,Canada,Minerals,663.6460000000001
India,Switzerland,Minerals,1183.69
India,Chile,Minerals,47.181999999999995
India,China,Minerals,3516.3059999999996
India,Cote d'Ivoire,Minerals,4.408
India,Czechoslovakia,Minerals,5488.945
India,Cuba,Minerals,5.025
India,Cyprus,Minerals,2.755
India,German Democratic Republic,Minerals,8549.886
India,Denmark,Minerals,14.675
India,"Egypt, Arab Rep.",Minerals,618.556
India,Spain,Minerals,3232.881
India,France,Minerals,2189.436
India,United Kingdom,Minerals,7555.1219999999985
India,Ghana,Minerals,27.468000000000004
India,Greece,Minerals,76.649
India,"Hong Kong, China",Minerals,2253.491
India,Hungary,Minerals,13813.691
India,Indonesia,Minerals,9197.639
India,Ireland,Minerals,92.727
India,"Iran, Islamic Rep.",Minerals,6453.337
India,Iraq,Minerals,1135.105
India,Israel,Minerals,17.66
India,Italy,Minerals,42674.584
India,Japan,Minerals,456433.612
India,Kenya,Minerals,593.119
India,"Korea, Rep.",Minerals,77904.531
India,Kuwait,Minerals,552.089
India,Libya,Minerals,33.972
India,Sri Lanka,Minerals,625.766
India,Morocco,Minerals,7.4239999999999995
India,Maldives,Minerals,534.164
India,Malta,Minerals,3.603
India,Myanmar,Minerals,608.914
India,Mauritius,Minerals,34.518
India,Malaysia,Minerals,3206.405
India,Nigeria,Minerals,38.501
India,Netherlands,Minerals,14910.623
India,Norway,Minerals,559.444
India,Nepal,Minerals,6117.5920000000015
India,New Zealand,Minerals,143.83
India,Oman,Minerals,478.795
India,Pakistan,Minerals,9469.692
India,Philippines,Minerals,241.27599999999998
India,Poland,Minerals,5057.201
India,"Korea, Dem. Rep.",Minerals,16210.796
India,Qatar,Minerals,1205.259
India,Romania,Minerals,13750.281
India,Saudi Arabia,Minerals,562.086
India,Singapore,Minerals,2894.417
India,Soviet Union,Minerals,6789.343000000001
India,Sweden,Minerals,13.194
India,Syrian Arab Republic,Minerals,44.912
India,Thailand,Minerals,753.414
India,Turkey,Minerals,12296.964000000002
India,Tanzania,Minerals,39.61
India,Unspecified,Minerals,9.198
India,United States,Minerals,11343.257
India,Vietnam,Minerals,98.51299999999999
India, World,Minerals,824854.608
India,Yemen,Minerals,41.946000000000005
India,"Yugoslavia,FR(Serbia/Montenegr",Minerals,76.58800000000001
India,Zambia,Minerals,11.065999999999999
Iceland,United Arab Emirates,Minerals,7.454
Iceland,Austria,Minerals,544.487
Iceland,Bulgaria,Minerals,411.69699999999995
Iceland,Belgium-Luxembourg,Minerals,263.635
Iceland,Switzerland,Minerals,85.303
Iceland,Czechoslovakia,Minerals,401.228
Iceland,German Democratic Republic,Minerals,2144.369
Iceland,Denmark,Minerals,694.316
Iceland,Spain,Minerals,61.038999999999994
Iceland,Ethiopia(includes Eritrea),Minerals,48.733999999999995
Iceland,Finland,Minerals,474.11699999999996
Iceland,France,Minerals,479.464
Iceland,Faeroe Islands,Minerals,66.78399999999999
Iceland,United Kingdom,Minerals,995.8919999999999
Iceland,Greenland,Minerals,75.553
Iceland,Hungary,Minerals,89.025
Iceland,Italy,Minerals,1084.67
Iceland,Netherlands,Minerals,391.591
Iceland,Norway,Minerals,756.7410000000001
Iceland,Poland,Minerals,263.289
Iceland,Portugal,Minerals,10.149
Iceland,Romania,Minerals,87.425
Iceland,Saudi Arabia,Minerals,135.393
Iceland,Sweden,Minerals,196.403
Iceland,Unspecified,Minerals,0.465
Iceland, World,Minerals,9769.223
Japan,Andorra,Minerals,9.946
Japan,United Arab Emirates,Minerals,97.495
Japan,Australia,Minerals,21440.285
Japan,Austria,Minerals,1388.8539999999996
Japan,Bangladesh,Minerals,1271.911
Japan,Bahrain,Minerals,43.848
Japan,Belgium-Luxembourg,Minerals,2480.448
Japan,Brazil,Minerals,16.611
Japan,Central African Republic,Minerals,27.63
Japan,Canada,Minerals,1711.724
Japan,Switzerland,Minerals,2.969
Japan,China,Minerals,1359.096
Japan,Cote d'Ivoire,Minerals,10.804
Japan,Colombia,Minerals,19.117
Japan,Costa Rica,Minerals,66.41199999999999
Japan,Cuba,Minerals,27.241999999999997
Japan,Germany,Minerals,3921.474
Japan,Denmark,Minerals,63.415
Japan,"Egypt, Arab Rep.",Minerals,453.92199999999997
Japan,Spain,Minerals,902.1260000000001
Japan,Finland,Minerals,15.129000000000001
Japan,France,Minerals,410.548
Japan,United Kingdom,Minerals,4557.785
Japan,"Hong Kong, China",Minerals,74223.636
Japan,Indonesia,Minerals,8040.843000000001
Japan,India,Minerals,8146.914000000001
Japan,"Iran, Islamic Rep.",Minerals,1238.2939999999999
Japan,Iraq,Minerals,287.839
Japan,Italy,Minerals,1984.505
Japan,Kenya,Minerals,1.6469999999999998
Japan,"Korea, Rep.",Minerals,57367.225
Japan,Sri Lanka,Minerals,1025.359
Japan,Mexico,Minerals,5.239
Japan,Myanmar,Minerals,21.018
Japan,Malaysia,Minerals,4244.954000000001
Japan,New Caledonia,Minerals,1885.832
Japan,Nigeria,Minerals,236.73
Japan,Netherlands,Minerals,1019.6210000000001
Japan,Nepal,Minerals,215.115
Japan,New Zealand,Minerals,22.188000000000002
Japan,Oman,Minerals,8.34
Japan,Pakistan,Minerals,433.007
Japan,Pacific Islands,Minerals,79.962
Japan,Peru,Minerals,18.68
Japan,Philippines,Minerals,5005.486
Japan,Papua New Guinea,Minerals,78.683
Japan,Poland,Minerals,17.767
Japan,"Korea, Dem. Rep.",Minerals,122.836
Japan,Portugal,Minerals,20.432000000000002
Japan,Rwanda,Minerals,16.293
Japan,Saudi Arabia,Minerals,48.54600000000001
Japan,Fm Sudan,Minerals,60.03
Japan,Senegal,Minerals,62.467
Japan,Singapore,Minerals,35227.034
Japan,Solomon Islands,Minerals,8.029
Japan,Somalia,Minerals,12.957
Japan,Soviet Union,Minerals,2293.326
Japan,Sweden,Minerals,207.287
Japan,Thailand,Minerals,25451.475
Japan,Tunisia,Minerals,66.993
Japan,Turkey,Minerals,543.1
Japan,United States,Minerals,71176.11300000001
Japan,Us Msc.Pac.I,Minerals,5060.542
Japan,Venezuela,Minerals,10.458
Japan,Vietnam,Minerals,357.332
Japan,Vanuatu,Minerals,3.647
Japan, World,Minerals,375619.94
Japan,South Africa,Minerals,765.461
Japan,"Congo, Dem. Rep.",Minerals,10.901
"Korea, Rep.",Australia,Minerals,6013.482
"Korea, Rep.",Bangladesh,Minerals,30.514
"Korea, Rep.",Belgium-Luxembourg,Minerals,362.846
"Korea, Rep.",Brazil,Minerals,18.585
"Korea, Rep.",Canada,Minerals,3.563
"Korea, Rep.",China,Minerals,10802.192
"Korea, Rep.",Colombia,Minerals,136.371
"Korea, Rep.",Costa Rica,Minerals,271.086
"Korea, Rep.",Germany,Minerals,7.505
"Korea, Rep.",Dominican Republic,Minerals,16.6
"Korea, Rep.",Ecuador,Minerals,41.285
"Korea, Rep.","Egypt, Arab Rep.",Minerals,10.218
"Korea, Rep.",Spain,Minerals,151.20600000000002
"Korea, Rep.",Fiji,Minerals,3.199
"Korea, Rep.",France,Minerals,174.58599999999998
"Korea, Rep.",United Kingdom,Minerals,63.918
"Korea, Rep.",Ghana,Minerals,14.527999999999999
"Korea, Rep.",Guatemala,Minerals,14.628
"Korea, Rep.","Hong Kong, China",Minerals,8341.969000000001
"Korea, Rep.",Honduras,Minerals,48.61600000000001
"Korea, Rep.",Haiti,Minerals,34.921
"Korea, Rep.",Indonesia,Minerals,2671.7340000000004
"Korea, Rep.",India,Minerals,20.04
"Korea, Rep.",Israel,Minerals,650.433
"Korea, Rep.",Italy,Minerals,22.537
"Korea, Rep.",Japan,Minerals,146335.35199999998
"Korea, Rep.",Kenya,Minerals,29.671999999999997
"Korea, Rep.",Kiribati,Minerals,81.615
"Korea, Rep.",Kuwait,Minerals,39.0
"Korea, Rep.",Libya,Minerals,35.397
"Korea, Rep.",Sri Lanka,Minerals,776.335
"Korea, Rep.",Morocco,Minerals,6.48
"Korea, Rep.",Myanmar,Minerals,36.449
"Korea, Rep.",Malaysia,Minerals,1917.082
"Korea, Rep.",Niger,Minerals,384.11300000000006
"Korea, Rep.",Nigeria,Minerals,306.376
"Korea, Rep.",Netherlands,Minerals,36.0
"Korea, Rep.",Nepal,Minerals,59.938
"Korea, Rep.",New Zealand,Minerals,68.07
"Korea, Rep.",Pakistan,Minerals,91.087
"Korea, Rep.",Panama,Minerals,140.964
"Korea, Rep.",Pacific Islands,Minerals,220.17700000000002
"Korea, Rep.",Philippines,Minerals,1310.297
"Korea, Rep.",Papua New Guinea,Minerals,2205.698
"Korea, Rep.",Saudi Arabia,Minerals,9.481
"Korea, Rep.",Fm Sudan,Minerals,11.232000000000001
"Korea, Rep.",Singapore,Minerals,2709.816
"Korea, Rep.",Thailand,Minerals,3678.425
"Korea, Rep.",Trinidad and Tobago,Minerals,8.937000000000001
"Korea, Rep.",Unspecified,Minerals,1870.901
"Korea, Rep.",Uruguay,Minerals,15.407
"Korea, Rep.",United States,Minerals,1181.016
"Korea, Rep.",Us Msc.Pac.I,Minerals,404.52
"Korea, Rep.",Venezuela,Minerals,29.919
"Korea, Rep.", World,Minerals,193963.265
"Korea, Rep.",Zambia,Minerals,25.218000000000004
"Korea, Rep.",Zimbabwe,Minerals,11.729000000000001
Sri Lanka,Netherlands Antilles,Minerals,5700.093000000001
Sri Lanka,Australia,Minerals,50.931000000000004
Sri Lanka,Austria,Minerals,18.570999999999998
Sri Lanka,Belgium-Luxembourg,Minerals,41.805
Sri Lanka,China,Minerals,9.867
Sri Lanka,Germany,Minerals,81.271
Sri Lanka,France,Minerals,50.065
Sri Lanka,United Kingdom,Minerals,1179.0910000000001
Sri Lanka,India,Minerals,157.134
Sri Lanka,Italy,Minerals,355.2
Sri Lanka,Japan,Minerals,6288.236999999999
Sri Lanka,"Korea, Rep.",Minerals,40.033
Sri Lanka,Maldives,Minerals,32.79
Sri Lanka,Malaysia,Minerals,2.8760000000000003
Sri Lanka,Netherlands,Minerals,130.935
Sri Lanka,Pakistan,Minerals,77.531
Sri Lanka,Poland,Minerals,57.933
Sri Lanka,Singapore,Minerals,19.467
Sri Lanka,Thailand,Minerals,45.263999999999996
Sri Lanka,Unspecified,Minerals,0.453
Sri Lanka,United States,Minerals,722.0039999999999
Sri Lanka, World,Minerals,15064.961000000001
Madagascar,Belgium-Luxembourg,Minerals,211.709
Madagascar,Brazil,Minerals,44.692
Madagascar,Canada,Minerals,171.955
Madagascar,Switzerland,Minerals,1028.865
Madagascar,China,Minerals,1676.997
Madagascar,Comoros,Minerals,75.656
Madagascar,German Democratic Republic,Minerals,18.073
Madagascar,Germany,Minerals,951.9689999999999
Madagascar,Spain,Minerals,280.512
Madagascar,France,Minerals,10360.439
Madagascar,United Kingdom,Minerals,1808.5410000000002
Madagascar,Italy,Minerals,66.215
Madagascar,Japan,Minerals,1366.56
Madagascar,Mauritius,Minerals,17.652
Madagascar,Netherlands,Minerals,81.01899999999999
Madagascar,Pakistan,Minerals,21.003
Madagascar,Poland,Minerals,101.42399999999999
Madagascar,Reunion,Minerals,46.316
Madagascar,Somalia,Minerals,76.563
Madagascar,Soviet Union,Minerals,38.429
Madagascar,Sweden,Minerals,1436.306
Madagascar,Seychelles,Minerals,109.055
Madagascar,Unspecified,Minerals,1.246
Madagascar,United States,Minerals,2392.649
Madagascar, World,Minerals,22383.845
Mexico,Argentina,Minerals,2273.15
Mexico,Austria,Minerals,4200.348
Mexico,Belgium-Luxembourg,Minerals,10345.54
Mexico,Belize,Minerals,7131.812
Mexico,Brazil,Minerals,869.591
Mexico,Canada,Minerals,12248.775
Mexico,Cocos (Keeling) Islands,Minerals,10.325999999999999
Mexico,Switzerland,Minerals,33742.796
Mexico,Chile,Minerals,446.379
Mexico,China,Minerals,270.726
Mexico,Cameroon,Minerals,320.7
Mexico,Colombia,Minerals,1085.875
Mexico,Costa Rica,Minerals,27.521
Mexico,Cuba,Minerals,2060.159
Mexico,Cayman Islands,Minerals,11010.783000000001
Mexico,Germany,Minerals,17328.287
Mexico,Dominican Republic,Minerals,261.027
Mexico,Ecuador,Minerals,22.563000000000002
Mexico,Spain,Minerals,6304.547
Mexico,France,Minerals,3.4019999999999997
Mexico,United Kingdom,Minerals,17685.221999999998
Mexico,Guatemala,Minerals,636.302
Mexico,"Hong Kong, China",Minerals,12.709000000000001
Mexico,Honduras,Minerals,1759.543
Mexico,India,Minerals,1211.194
Mexico,Italy,Minerals,1667.818
Mexico,Jamaica,Minerals,11.583
Mexico,Japan,Minerals,56991.662000000004
Mexico,"Korea, Rep.",Minerals,93.565
Mexico,Morocco,Minerals,6753.66
Mexico,Nicaragua,Minerals,325.54400000000004
Mexico,Netherlands,Minerals,974.0830000000001
Mexico,New Zealand,Minerals,400.778
Mexico,Panama,Minerals,1436.486
Mexico,Peru,Minerals,333.098
Mexico,"Korea, Dem. Rep.",Minerals,986.5189999999999
Mexico,El Salvador,Minerals,6646.919
Mexico,Turks and Caicos Isl.,Minerals,47.604
Mexico,Tunisia,Minerals,3626.362
Mexico,Unspecified,Minerals,6.193
Mexico,Uruguay,Minerals,107.821
Mexico,United States,Minerals,442369.936
Mexico,Venezuela,Minerals,3732.744
Mexico, World,Minerals,657782.976
Mexico,South Africa,Minerals,1.3219999999999998
Malawi,Mozambique,Minerals,43.846000000000004
Malawi,Unspecified,Minerals,0.231
Malawi, World,Minerals,49.762
Malawi,South Africa,Minerals,3.181
Malawi,Zambia,Minerals,2.504
Malaysia,United Arab Emirates,Minerals,66.132
Malaysia,Australia,Minerals,278.262
Malaysia,Bangladesh,Minerals,7752.7480000000005
Malaysia,Belgium-Luxembourg,Minerals,2.074
Malaysia,Brazil,Minerals,0.9129999999999999
Malaysia,Brunei,Minerals,2772.0640000000003
Malaysia,China,Minerals,41.909
Malaysia,Cyprus,Minerals,1.29
Malaysia,Germany,Minerals,317.63
Malaysia,"Egypt, Arab Rep.",Minerals,41.067
Malaysia,Spain,Minerals,649.753
Malaysia,Fiji,Minerals,1.375
Malaysia,France,Minerals,1045.364
Malaysia,United Kingdom,Minerals,280.50300000000004
Malaysia,"Hong Kong, China",Minerals,621.721
Malaysia,Indonesia,Minerals,372.064
Malaysia,India,Minerals,1614.4720000000002
Malaysia,Italy,Minerals,137.208
Malaysia,Jordan,Minerals,1.982
Malaysia,Japan,Minerals,87068.74100000001
Malaysia,"Korea, Rep.",Minerals,3415.8860000000004
Malaysia,Sri Lanka,Minerals,4518.401
Malaysia,Maldives,Minerals,555.65
Malaysia,Mali,Minerals,255.67
Malaysia,Malta,Minerals,2.104
Malaysia,Myanmar,Minerals,32.99
Malaysia,Mauritius,Minerals,18.925
Malaysia,Netherlands,Minerals,126.88799999999999
Malaysia,Nepal,Minerals,647.039
Malaysia,New Zealand,Minerals,49.06399999999999
Malaysia,Pakistan,Minerals,17.278
Malaysia,Philippines,Minerals,489.914
Malaysia,Papua New Guinea,Minerals,11.948
Malaysia,Portugal,Minerals,0.924
Malaysia,Singapore,Minerals,27612.192000000003
Malaysia,Seychelles,Minerals,14.228
Malaysia,Thailand,Minerals,19614.702
Malaysia,Turkey,Minerals,10.074
Malaysia,Unspecified,Minerals,5.2
Malaysia,United States,Minerals,1723.3229999999999
Malaysia,Vietnam,Minerals,1082.3039999999999
Malaysia, World,Minerals,168643.728
New Zealand,Australia,Minerals,1283.504
New Zealand,Bangladesh,Minerals,136.783
New Zealand,Belgium-Luxembourg,Minerals,28.322
New Zealand,China,Minerals,1013.166
New Zealand,Cook Islands,Minerals,283.341
New Zealand,Ethiopia(includes Eritrea),Minerals,0.748
New Zealand,Fiji,Minerals,256.653
New Zealand,France,Minerals,254.25
New Zealand,United Kingdom,Minerals,198.766
New Zealand,"Hong Kong, China",Minerals,52.262
New Zealand,Indonesia,Minerals,136.863
New Zealand,India,Minerals,282.98400000000004
New Zealand,Italy,Minerals,6.0089999999999995
New Zealand,Japan,Minerals,15256.945
New Zealand,Kiribati,Minerals,0.892
New Zealand,"Korea, Rep.",Minerals,1469.371
New Zealand,Sri Lanka,Minerals,90.63799999999999
New Zealand,Malaysia,Minerals,274.106
New Zealand,New Caledonia,Minerals,40.141
New Zealand,Norfolk Island,Minerals,59.13
New Zealand,Niue,Minerals,33.641
New Zealand,Pacific Islands,Minerals,23.342
New Zealand,Philippines,Minerals,144.195
New Zealand,Papua New Guinea,Minerals,595.844
New Zealand,French Polynesia,Minerals,26.999000000000002
New Zealand,Singapore,Minerals,269.746
New Zealand,Solomon Islands,Minerals,247.082
New Zealand,Thailand,Minerals,27.502
New Zealand,Tonga,Minerals,74.571
New Zealand,Unspecified,Minerals,7.598999999999998
New Zealand,United States,Minerals,3460.381
New Zealand,Us Msc.Pac.I,Minerals,294.74
New Zealand,Vanuatu,Minerals,251.683
New Zealand, World,Minerals,28176.301
New Zealand,Wallis and Futura Isl.,Minerals,128.156
New Zealand,Samoa,Minerals,96.87100000000001
New Zealand,South Africa,Minerals,1.443
Oman,United Arab Emirates,Minerals,279.598
Oman,France,Minerals,2.6
Oman,Kuwait,Minerals,8.249
Oman,Tanzania,Minerals,1.95
Oman,Unspecified,Minerals,0.611
Oman, World,Minerals,293.008
Portugal,Angola,Minerals,526.911
Portugal,Australia,Minerals,14.434000000000001
Portugal,Austria,Minerals,135.44899999999998
Portugal,"Bahamas, The",Minerals,28.538
Portugal,Belgium-Luxembourg,Minerals,6045.831
Portugal,Brazil,Minerals,10.687000000000001
Portugal,Central African Republic,Minerals,1.557
Portugal,Canada,Minerals,21735.015
Portugal,Switzerland,Minerals,929.829
Portugal,China,Minerals,29907.206000000002
Portugal,Cameroon,Minerals,780.3539999999999
Portugal,Cape Verde,Minerals,263.754
Portugal,German Democratic Republic,Minerals,201.37599999999998
Portugal,Germany,Minerals,78224.49
Portugal,Denmark,Minerals,156.506
Portugal,Spain,Minerals,76402.796
Portugal,Finland,Minerals,29515.698
Portugal,France,Minerals,12657.288
Portugal,United Kingdom,Minerals,1658.457
Portugal,Gibraltar,Minerals,8.381
Portugal,Guinea-Bissau,Minerals,762.2310000000001
Portugal,Greece,Minerals,4.533
Portugal,Guyana,Minerals,9.199
Portugal,"Hong Kong, China",Minerals,75.288
Portugal,Indonesia,Minerals,10.008
Portugal,Ireland,Minerals,589.991
Portugal,"Iran, Islamic Rep.",Minerals,29.377
Portugal,Iceland,Minerals,10.185
Portugal,Israel,Minerals,23.983
Portugal,Italy,Minerals,17111.391
Portugal,Japan,Minerals,67355.489
Portugal,Kenya,Minerals,820.914
Portugal,"Korea, Rep.",Minerals,360.134
Portugal,Kuwait,Minerals,34.423
Portugal,Lebanon,Minerals,35.080999999999996
Portugal,Liberia,Minerals,55.93899999999999
Portugal,Morocco,Minerals,83.98700000000001
Portugal,Mexico,Minerals,19.012
Portugal,Mali,Minerals,82.84299999999999
Portugal,Mozambique,Minerals,694.2
Portugal,Mauritania,Minerals,287.70599999999996
Portugal,Malawi,Minerals,5.1979999999999995
Portugal,Malaysia,Minerals,78.714
Portugal,Nigeria,Minerals,2672.425
Portugal,Netherlands,Minerals,4949.195
Portugal,Norway,Minerals,208.373
Portugal,Panama,Minerals,66.40599999999999
Portugal,Philippines,Minerals,53.805
Portugal,Romania,Minerals,3.895
Portugal,Saudi Arabia,Minerals,79.493
Portugal,Singapore,Minerals,343.324
Portugal,Sierra Leone,Minerals,62.82
Portugal,Sao Tome and Principe,Minerals,311.228
Portugal,Sweden,Minerals,60.56100000000001
Portugal,Thailand,Minerals,6.251
Portugal,Tunisia,Minerals,12.254000000000001
Portugal,Turkey,Minerals,10995.216
Portugal,Unspecified,Minerals,10.159
Portugal,United States,Minerals,19720.321
Portugal,Venezuela,Minerals,3.75
Portugal, World,Minerals,388275.576
Portugal,South Africa,Minerals,86.63600000000001
Paraguay,Argentina,Minerals,26.975
Paraguay,Brazil,Minerals,36.0
Paraguay, World,Minerals,62.975
Romania,Bulgaria,Minerals,5964.0
Romania,Belgium-Luxembourg,Minerals,514.0
Romania,Switzerland,Minerals,1020.0
Romania,Cape Verde,Minerals,1514.0
Romania,Czechoslovakia,Minerals,1805.0
Romania,Germany,Minerals,1584.0
Romania,Dominica,Minerals,1683.0
Romania,Algeria,Minerals,12023.0
Romania,Spain,Minerals,17397.0
Romania,France,Minerals,272.0
Romania,United Kingdom,Minerals,2700.0
Romania,Guinea,Minerals,98.0
Romania,Greece,Minerals,8.0
Romania,Hungary,Minerals,10805.0
Romania,Italy,Minerals,6.0
Romania,"Korea, Rep.",Minerals,515.0
Romania,Sri Lanka,Minerals,2570.0
Romania,Madagascar,Minerals,1937.0
Romania,Mongolia,Minerals,6.0
Romania,Nigeria,Minerals,480.0
Romania,Netherlands,Minerals,1975.0
Romania,Poland,Minerals,48.0
Romania,Fm Sudan,Minerals,1986.0
Romania,Sierra Leone,Minerals,179.0
Romania,Soviet Union,Minerals,5568.0
Romania,Turkey,Minerals,9568.0
Romania,United States,Minerals,943.0
Romania, World,Minerals,87716.0
Romania,"Yugoslavia,FR(Serbia/Montenegr",Minerals,4548.0
Singapore,United Arab Emirates,Minerals,1887.754
Singapore,Australia,Minerals,1631.277
Singapore,Bangladesh,Minerals,230.563
Singapore,Bahrain,Minerals,377.80800000000005
Singapore,Belgium-Luxembourg,Minerals,134.563
Singapore,Brunei,Minerals,4240.827
Singapore,Canada,Minerals,14.306
Singapore,China,Minerals,4122.62
Singapore,Germany,Minerals,801.092
Singapore,Fiji,Minerals,1.103
Singapore,France,Minerals,149.71
Singapore,United Kingdom,Minerals,97.691
Singapore,"Hong Kong, China",Minerals,982.79
Singapore,India,Minerals,3463.717
Singapore,Italy,Minerals,2.5980000000000003
Singapore,Japan,Minerals,2105.097
Singapore,Kenya,Minerals,1229.511
Singapore,"Korea, Rep.",Minerals,3195.211
Singapore,Libya,Minerals,1.015
Singapore,Sri Lanka,Minerals,2279.0460000000007
Singapore,Morocco,Minerals,0.83
Singapore,Maldives,Minerals,224.983
Singapore,Myanmar,Minerals,780.72
Singapore,Mauritius,Minerals,58.073
Singapore,Malaysia,Minerals,26852.154
Singapore,Nigeria,Minerals,6.38
Singapore,Netherlands,Minerals,185.952
Singapore,Nepal,Minerals,125.27799999999999
Singapore,New Zealand,Minerals,399.986
Singapore,Pakistan,Minerals,107.22200000000001
Singapore,Philippines,Minerals,3454.092
Singapore,Papua New Guinea,Minerals,8543.375
Singapore,"Korea, Dem. Rep.",Minerals,324.056
Singapore,Qatar,Minerals,82.87799999999999
Singapore,Reunion,Minerals,4.646
Singapore,Saudi Arabia,Minerals,75.598
Singapore,Fm Sudan,Minerals,19.467
Singapore,Solomon Islands,Minerals,1.733
Singapore,Seychelles,Minerals,8.372
Singapore,Thailand,Minerals,5728.728999999998
Singapore,Unspecified,Minerals,530.9330000000001
Singapore,United States,Minerals,1048.2240000000004
Singapore,Us Msc.Pac.I,Minerals,14.867
Singapore, World,Minerals,77552.892
Singapore,Yemen,Minerals,1.557
Thailand,United Arab Emirates,Minerals,61.623999999999995
Thailand,Australia,Minerals,592.567
Thailand,Austria,Minerals,3.818
Thailand,Bangladesh,Minerals,513.332
Thailand,Belgium-Luxembourg,Minerals,1445.6660000000002
Thailand,Brunei,Minerals,759.069
Thailand,Canada,Minerals,83.98299999999999
Thailand,China,Minerals,6.704
Thailand,Cyprus,Minerals,5.167999999999999
Thailand,Germany,Minerals,5607.522
Thailand,Denmark,Minerals,0.772
Thailand,Spain,Minerals,165.023
Thailand,France,Minerals,159.621
Thailand,United Kingdom,Minerals,188.93400000000003
Thailand,"Hong Kong, China",Minerals,1291.848
Thailand,Indonesia,Minerals,5955.714
Thailand,India,Minerals,2832.131
Thailand,Italy,Minerals,811.3889999999999
Thailand,Jordan,Minerals,11.042
Thailand,Japan,Minerals,47379.367999999995
Thailand,Kenya,Minerals,0.6829999999999999
Thailand,"Korea, Rep.",Minerals,6770.481000000002
Thailand,Lao PDR,Minerals,1092.876
Thailand,Sri Lanka,Minerals,144.555
Thailand,Myanmar,Minerals,301.382
Thailand,Mozambique,Minerals,26.936999999999998
Thailand,Mauritius,Minerals,19.969
Thailand,Malaysia,Minerals,8618.057999999999
Thailand,Netherlands,Minerals,1583.9579999999999
Thailand,New Zealand,Minerals,285.453
Thailand,Pakistan,Minerals,339.1090000000001
Thailand,Philippines,Minerals,1629.2179999999996
Thailand,Papua New Guinea,Minerals,169.271
Thailand,"Korea, Dem. Rep.",Minerals,492.93500000000006
Thailand,Saudi Arabia,Minerals,85.118
Thailand,Singapore,Minerals,3673.456
Thailand,Sweden,Minerals,574.986
Thailand,Seychelles,Minerals,17.051
Thailand,Unspecified,Minerals,6.062
Thailand,United States,Minerals,970.85
Thailand,Vietnam,Minerals,165.736
Thailand, World,Minerals,108662.894
Turkey,Angola,Minerals,408.083
Turkey,Albania,Minerals,455.0
Turkey,United Arab Emirates,Minerals,780.52
Turkey,Australia,Minerals,2141.68
Turkey,Austria,Minerals,17254.167
Turkey,Benin,Minerals,567.009
Turkey,Bangladesh,Minerals,566.35
Turkey,Bulgaria,Minerals,1522.904
Turkey,Bahrain,Minerals,12.0
Turkey,Belgium-Luxembourg,Minerals,8156.340999999999
Turkey,Brazil,Minerals,9.0
Turkey,Canada,Minerals,2996.829
Turkey,Switzerland,Minerals,5601.555
Turkey,China,Minerals,9250.699
Turkey,Cote d'Ivoire,Minerals,3.2960000000000003
Turkey,Cameroon,Minerals,175.199
Turkey,"Congo, Rep.",Minerals,292.527
Turkey,Czechoslovakia,Minerals,14.290999999999999
Turkey,Cyprus,Minerals,2728.824
Turkey,German Democratic Republic,Minerals,583.15
Turkey,Germany,Minerals,25258.818
Turkey,Denmark,Minerals,86.395
Turkey,Algeria,Minerals,2439.239
Turkey,"Egypt, Arab Rep.",Minerals,2484.0429999999997
Turkey,Spain,Minerals,49800.94
Turkey,Finland,Minerals,2330.486
Turkey,France,Minerals,13300.368
Turkey,United Kingdom,Minerals,14646.733999999999
Turkey,Greece,Minerals,8497.130000000001
Turkey,"Hong Kong, China",Minerals,2727.841
Turkey,Hungary,Minerals,2012.2679999999998
Turkey,India,Minerals,5931.049
Turkey,Ireland,Minerals,216.738
Turkey,"Iran, Islamic Rep.",Minerals,567.2819999999999
Turkey,Iraq,Minerals,1089.067
Turkey,Israel,Minerals,2349.053
Turkey,Italy,Minerals,58097.269
Turkey,Jordan,Minerals,243.0
Turkey,Japan,Minerals,21312.694
Turkey,Kenya,Minerals,1986.3270000000002
Turkey,"Korea, Rep.",Minerals,1651.793
Turkey,Kuwait,Minerals,6.1
Turkey,Lebanon,Minerals,419.86800000000005
Turkey,Liberia,Minerals,49.8
Turkey,Libya,Minerals,256.235
Turkey,Morocco,Minerals,1185.4260000000002
Turkey,Malta,Minerals,1077.187
Turkey,Netherlands,Minerals,13923.281
Turkey,Norway,Minerals,8874.871000000001
Turkey,New Zealand,Minerals,2.5989999999999998
Turkey,Pakistan,Minerals,31.348000000000003
Turkey,Poland,Minerals,814.7460000000001
Turkey,Portugal,Minerals,1170.455
Turkey,Romania,Minerals,20461.620000000006
Turkey,Saudi Arabia,Minerals,497.034
Turkey,Fm Sudan,Minerals,83.0
Turkey,Singapore,Minerals,2.483
Turkey,Soviet Union,Minerals,5787.74
Turkey,Sweden,Minerals,3387.5009999999997
Turkey,Syrian Arab Republic,Minerals,1540.6170000000002
Turkey,Thailand,Minerals,7854.751
Turkey,Tunisia,Minerals,1526.286
Turkey,Unspecified,Minerals,10.087
Turkey,United States,Minerals,32515.194
Turkey,Us Msc.Pac.I,Minerals,2.358
Turkey,Venezuela,Minerals,89.55
Turkey, World,Minerals,402894.744
Turkey,Yemen,Minerals,71.279
Turkey,"Yugoslavia,FR(Serbia/Montenegr",Minerals,21810.772
Turkey,South Africa,Minerals,7687.769
Turkey,Zimbabwe,Minerals,13.959000000000001
 World,Afghanistan,Minerals,41.119
 World,Angola,Minerals,2270.95
 World,Albania,Minerals,638.976
 World,Andorra,Minerals,7705.1630000000005
 World,Netherlands Antilles,Minerals,6059.337
 World,United Arab Emirates,Minerals,23257.423000000006
 World,Argentina,Minerals,129285.59600000002
 World,Antigua and Barbuda,Minerals,16.947000000000006
 World,Australia,Minerals,108494.55199999997
 World,Austria,Minerals,98788.0
 World,Burundi,Minerals,92.64399999999999
 World,Benin,Minerals,1501.2040000000004
 World,Burkina Faso,Minerals,197.248
 World,Bangladesh,Minerals,50504.47799999999
 World,Bulgaria,Minerals,29466.197
 World,Bahrain,Minerals,11097.963
 World,"Bahamas, The",Minerals,1631.7779999999998
 World,Belgium-Luxembourg,Minerals,674563.4190000001
 World,Belize,Minerals,7134.941999999999
 World,Bermuda,Minerals,104.204
 World,Bolivia,Minerals,2014.03
 World,Brazil,Minerals,268805.59
 World,Barbados,Minerals,29.213
 World,Brunei,Minerals,7785.692999999998
 World,Bhutan,Minerals,3.161
 World,Central African Republic,Minerals,30.92
 World,Canada,Minerals,134965.76999999993
 World,Cocos (Keeling) Islands,Minerals,151.17600000000002
 World,Switzerland,Minerals,135162.47
 World,Chile,Minerals,25444.259
 World,China,Minerals,269176.378
 World,Cote d'Ivoire,Minerals,4563.095
 World,Cameroon,Minerals,4717.8
 World,"Congo, Rep.",Minerals,2911.202
 World,Cook Islands,Minerals,283.341
 World,Colombia,Minerals,11125.726
 World,Comoros,Minerals,75.656
 World,Cape Verde,Minerals,1784.521
 World,Costa Rica,Minerals,893.4200000000002
 World,Czechoslovakia,Minerals,58724.55
 World,Cuba,Minerals,5056.192
 World,Christmas Island,Minerals,3.306
 World,Cayman Islands,Minerals,11010.783000000001
 World,Cyprus,Minerals,5135.964
 World,German Democratic Republic,Minerals,27364.237
 World,Germany,Minerals,1219677.4109999998
 World,Djibouti,Minerals,78.729
 World,Dominica,Minerals,1687.557
 World,Denmark,Minerals,33505.48199999998
 World,Dominican Republic,Minerals,4037.012
 World,Algeria,Minerals,57085.996
 World,Ecuador,Minerals,611.415
 World,"Egypt, Arab Rep.",Minerals,47320.44500000001
 World,Spain,Minerals,531561.744
 World,Ethiopia(includes Eritrea),Minerals,456.552
 World,Finland,Minerals,115181.977
 World,Fiji,Minerals,991.769
 World,France,Minerals,616337.8300000001
 World,Faeroe Islands,Minerals,1533.15
 World,Gabon,Minerals,1186.282
 World,United Kingdom,Minerals,607608.1880000002
 World,Ghana,Minerals,5298.42
 World,Gibraltar,Minerals,5231.463
 World,Guinea,Minerals,3497.495
 World,Guadeloupe,Minerals,553.227
 World,"Gambia, The",Minerals,34.198
 World,Guinea-Bissau,Minerals,772.2310000000001
 World,Equatorial Guinea,Minerals,485.662
 World,Greece,Minerals,27500.772
 World,Grenada,Minerals,3.72
 World,Greenland,Minerals,1323.573
 World,Guatemala,Minerals,850.053
 World,French Guiana,Minerals,76.113
 World,Guyana,Minerals,68.156
 World,"Hong Kong, China",Minerals,107296.86800000002
 World,Honduras,Minerals,3966.798
 World,Haiti,Minerals,56.302
 World,Hungary,Minerals,31637.384
 World,Indonesia,Minerals,109543.256
 World,India,Minerals,105631.40800000002
 World,Ireland,Minerals,10093.681
 World,"Iran, Islamic Rep.",Minerals,43357.47300000001
 World,Iraq,Minerals,3026.699
 World,Iceland,Minerals,2827.488
 World,Israel,Minerals,34464.395
 World,Italy,Minerals,819577.2950000002
 World,Jamaica,Minerals,42.848
 World,Jordan,Minerals,352.395
 World,Japan,Minerals,4611841.626
 World,Kenya,Minerals,7509.453999999999
 World,Cambodia,Minerals,97.75
 World,Kiribati,Minerals,127.283
 World,St. Kitts and Nevis,Minerals,53.086000000000006
 World,"Korea, Rep.",Minerals,830356.6620000001
 World,Kuwait,Minerals,1117.0810000000001
 World,Lao PDR,Minerals,1092.876
 World,Lebanon,Minerals,1898.511
 World,Liberia,Minerals,881.414
 World,Libya,Minerals,26558.04700000001
 World,St. Lucia,Minerals,41.593999999999994
 World,Sri Lanka,Minerals,24122.79
 World,Morocco,Minerals,102118.98
 World,Madagascar,Minerals,2009.489
 World,Maldives,Minerals,1350.5869999999998
 World,Mexico,Minerals,58822.55500000001
 World,Mali,Minerals,356.215
 World,Malta,Minerals,1626.2659999999996
 World,Myanmar,Minerals,2431.2960000000007
 World,Mongolia,Minerals,6.0
 World,Mozambique,Minerals,1643.19
 World,Mauritania,Minerals,6432.599
 World,Martinique,Minerals,431.134
 World,Mauritius,Minerals,5495.8510000000015
 World,Malawi,Minerals,56.771
 World,Malaysia,Minerals,155802.73599999998
 World,New Caledonia,Minerals,2052.597
 World,Niger,Minerals,402.38199999999995
 World,Norfolk Island,Minerals,71.135
 World,Nigeria,Minerals,46476.347
 World,Nicaragua,Minerals,341.43699999999995
 World,Niue,Minerals,33.641
 World,Netherlands,Minerals,721267.1039999998
 World,Norway,Minerals,54752.08700000002
 World,Nepal,Minerals,7168.9619999999995
 World,Nauru,Minerals,41.428999999999995
 World,New Zealand,Minerals,20939.817
 World,Oman,Minerals,574.9209999999999
 World,Pakistan,Minerals,26187.814
 World,Panama,Minerals,1964.705
 World,Pacific Islands,Minerals,337.66900000000004
 World,Peru,Minerals,1822.295
 World,Philippines,Minerals,188586.54800000004
 World,Papua New Guinea,Minerals,14737.291
 World,Poland,Minerals,45245.024000000005
 World,"Korea, Dem. Rep.",Minerals,18160.888
 World,Portugal,Minerals,35781.693
 World,Paraguay,Minerals,6034.651000000002
 World,French Polynesia,Minerals,2604.233
 World,Qatar,Minerals,10844.483999999999
 World,Reunion,Minerals,2807.115
 World,Romania,Minerals,79377.485
 World,Rwanda,Minerals,25.293000000000003
 World,Saudi Arabia,Minerals,46244.398
 World,Fm Sudan,Minerals,2536.307
 World,Senegal,Minerals,3589.704
 World,Singapore,Minerals,117502.89
 World,Solomon Islands,Minerals,764.3969999999999
 World,Sierra Leone,Minerals,503.911
 World,El Salvador,Minerals,7503.666999999998
 World,Somalia,Minerals,94.52
 World,Special Categories,Minerals,845912.88
 World,Saint Pierre and Miquelon,Minerals,182.43400000000003
 World,Sao Tome and Principe,Minerals,318.228
 World,Suriname,Minerals,324.318
 World,Soviet Union,Minerals,64865.07299999999
 World,Sweden,Minerals,111916.414
 World,Seychelles,Minerals,148.70600000000002
 World,Syrian Arab Republic,Minerals,2526.755
 World,Turks and Caicos Isl.,Minerals,47.604
 World,Chad,Minerals,1.5430000000000001
 World,Togo,Minerals,3728.78
 World,Thailand,Minerals,132752.60799999998
 World,East Timor,Minerals,90.0
 World,Tonga,Minerals,77.367
 World,Trinidad and Tobago,Minerals,21560.444000000003
 World,Tunisia,Minerals,40009.979000000014
 World,Turkey,Minerals,73367.28399999999
 World,Tanzania,Minerals,230.291
 World,Uganda,Minerals,13.0
 World,Unspecified,Minerals,44626.232
 World,Uruguay,Minerals,9897.735
 World,United States,Minerals,2042685.8320000004
 World,Us Msc.Pac.I,Minerals,5945.8780000000015
 World,St. Vincent and the Grenadines,Minerals,7.572
 World,Venezuela,Minerals,57699.74
 World,British Virgin Islands,Minerals,102.21
 World,Vietnam,Minerals,10209.388000000004
 World,Vanuatu,Minerals,333.939
 World,Wallis and Futura Isl.,Minerals,128.156
 World,Samoa,Minerals,162.615
 World,Yemen,Minerals,730.7819999999999
 World,"Yugoslavia,FR(Serbia/Montenegr",Minerals,78088.49900000001
 World,South Africa,Minerals,39966.524
 World,"Congo, Dem. Rep.",Minerals,676.123
 World,Zambia,Minerals,49.788
 World,Zimbabwe,Minerals,81.688
